,announcement,title,announcement_time,listing_time,symbols
0,340.html,Binance Futures Will Launch LEND/USDT Perpetual Contract With Up to 50x Leverage,2020-07-22 07:28,,
0,710.html,Binance Lists ARK,2017-11-01 10:11,,
0,205.html,"Isolated Margin Trading for FIL, XVS & NEAR Enabled on Binance",2020-10-16 08:16,,[]
0,655.html,Binance Lists Simple Token (OST),2017-12-19 06:55,,
0,086.html,Binance Adds BETH/ETH Trading Pair ,2021-01-27 13:48,at 12:00 PM,['BETH/ETH']
0,439.html,"Binance Will Resume Trading for ETHBULL/USDT, ETHBULL/BUSD, ETHBEAR/USDT and ETHBEAR/BUSD Trading Pairs",2020-02-03 03:50,,
0,593.html,Binance Lists Streamr (DATA),2018-06-08 05:23,,
0,069.html,Binance Will Move PancakeSwap (CAKE) & Venus (XVS) to the Main Trading Zone,2021-02-19 05:37,2021-02-19 05:00,"['CAKE', 'XVS']"
0,747.html,"Binance Will Add OAX, DNT, MCO, ICN ",2017-08-18 17:05,,
0,317.html,"Binance Adds Multiple BUSD, USDT & DAI Trading Pairs - 2020/08/11",2020-08-11 05:23,2020/08/12 4:00 AM,"['BLZ/BUSD', 'KMD/BUSD', 'BAL/USDT', 'BLZ/USDT', 'IRIS/USDT', 'KMD/USDT', 'SOL/USDT', 'BTC/DAI', 'ETH/DAI', 'BNB/DAI', 'USDT/DAI', 'BUSD/DAI', 'DAI/BTC', 'DAI/BNB', 'DAI/USDT', 'DAI/BUSD']"
0,602.html,"Binance Adds XRP/BNB, TUSD/USDT, XLM/USDT and IOTA/USDT Trading Pairs",2018-05-31 11:03,,
0,252.html,"Isolated Margin Trading for STX, STPT and UMA Enabled on Binance",2020-09-15 07:14,,[]
0,481.html,Binance Adds Margin Trading for BAT,2019-10-22 09:40,,
0,194.html,New BUSD Trading Pairs Enabled on Binance Margin Trading,2020-10-22 10:42,,[]
0,301.html,Binance Will List Polkadot (DOT) & Support 1:100 Redenomination Plan,2020-08-18 15:31,2020/08/18 11:00 PM,"['DOT', 'DOT/BTC', 'DOT/BNB', 'DOT/BUSD', 'DOT/USDT']"
0,751.html,Qtum Trading on Binance,2017-07-21 02:06,,
0,244.html,Isolated Margin Trading for XZC and LUNA Enabled on Binance,2020-09-17 07:41,,[]
0,614.html,Binance Adds XRP/USDT Trading Pair,2018-05-04 10:03,,
0,497.html,Binance Lists Chiliz (CHZ),2019-09-05 05:47,,
0,182.html,Binance Will List Akropolis (AKRO) in the Innovation Zone,2020-11-02 04:33,2020/11/02 7:00 AM,"['AKRO', 'AKRO/BTC', 'AKRO/USDT']"
0,478.html,Binance Adds Margin Trading for IOST and VET,2019-10-29 08:13,,
0,028.html,Binance Futures Will Launch USDT-Margined DENT Perpetual Contracts with Up to 25X Leverage,2021-03-24 03:41,2021-03-24 04:00 AM,[]
0,706.html,Binance Lists ENJ,2017-11-03 04:35,,
0,356.html,Binance Announces Acquisition of Swipe and Lists Swipe (SXP),2020-07-07 16:16,,
0,643.html,Binance Lists VIBE (VIBE),2018-01-10 07:19,,
0,213.html,Isolated Margin Trading for FLM & WING Enabled on Binance,2020-10-13 08:00,,[]
0,090.html,"Binance Futures Will Launch USDT-Margined SAND, ANKR Perpetual Contracts with Up to 20X Leverage",2021-01-25 05:59,2021-01-25 10:00 AM,[]
0,585.html,Binance Lists SelfKey (KEY),2018-06-27 04:27,,
0,638.html,Binance Lists ChatCoin (CHAT),2018-01-31 11:21,,
0,268.html,Binance Will Delist Insolar (INS) on 2020/09/11,2020-09-04 13:17,2020/09/11 4:00 AM,['INS']
0,287.html,Isolated Margin Trading for DOT and SRM Enabled on Binance,2020-08-27 07:16,,[]
0,004.html,Binance Futures Will Launch USDT-Margined DGB Perpetual Contracts with Up to 25X Leverage,2021-04-20 09:03,2021-04-21 3:30 AM,[]
0,454.html,Notice of Removal of USDC Trading Pairs on 2020/01/07,2020-01-06 10:32,,
0,141.html,XVG Enabled on Binance Isolated Margin,2020-11-26 06:25,,[]
0,511.html,Binance Adds ONT/PAX and ONT/USDC Trading Pairs,2019-07-26 13:36,,
0,395.html,Binance Will List Community Coin Vote Round 8 Winner CHR and Has Distributed Rewards,2020-05-07 13:08,,
0,680.html,Binance Lists QSP,2017-11-21 03:07,,
0,403.html,"Binance Adds Additional Trading Pairs for DATA, WTC and XZC",2020-04-07 11:17,,
0,053.html,Binance Futures Will Launch USDT-Margined XEM and BTCST Perpetual Contracts with Up to 25X Leverage,2021-03-03 03:40,,[]
0,546.html,Binance Adds ZIL/USDT Trading Pair,2019-02-19 08:08,,
0,116.html,GRT Enabled on Binance Isolated Margin,2020-12-20 05:09,,[]
0,383.html,Binance Will Postpone the Trading Start Date of Binance IDR (BIDR),2020-06-01 10:29,,
0,679.html,Binance Lists BTS,2017-11-21 07:36,,
0,229.html,Binance Futures Will Launch HNT USDT-Margined Perpetual Contract With Up to 50x Leverage,2020-09-28 06:09,2020/09/28 7:00 AM,['HNT/USDT']
0,696.html,Binance Lists RDN,2017-11-09 12:13,,
0,045.html,"AUDIO, DREP and PERL Enabled on Binance Isolated Margin",2021-03-09 10:05,,[]
0,415.html,"Binance Adds BUSD Trading Pairs for ALGO, BTT, TOMO, XMR & ZEC",2020-02-27 09:09,,
0,100.html,Binance Will List RSK Infrastructure Framework (RIF),2021-01-07 06:00,2021/01/07 1:00 PM,"['RIF', 'RIF/BTC', 'RIF/USDT']"
0,550.html,"Binance Adds USDS/USDT, USDS/PAX, USDS/TUSD and USDS/USDC Trading Pairs",2019-02-13 06:24,,
0,291.html,Binance Lists PAX Gold (PAXG),2020-08-25 14:27,2020/08/28 12:00 PM,"['PAXG', 'PAXG/BTC', 'PAXG/BNB', 'PAXG/BUSD', 'PAXG/USDT']"
0,442.html,Binance Futures Will Launch XLM/USDT Perpetual Contract With Up to 75x Leverage,2020-01-19 10:04,,
0,012.html,Binance Futures Will Launch USDT-Margined NKN Perpetual Contracts with Up to 25X Leverage,2021-04-09 05:27,2021-04-09 04:00 AM,[]
0,507.html,"Binance Adds Margin Trading for USDC, LTC and ETC",2019-08-08 13:56,,
0,157.html,Binance Futures Will Launch CTK USDT-Margined Perpetual Contract With Up to 50x Leverage,2020-11-18 07:26,2020/11/19 7:00 AM,[]
0,120.html,EGLD Enabled on Binance Isolated Margin,2020-12-18 08:32,,[]
0,570.html,Binance Will List PAX/USDT Trading Pair,2018-10-04 09:11,,
0,065.html,Binance Will List UniLend (UFT) in the Innovation Zone,2021-02-23 06:30,2021-02-23 9:00 AM,"['UFT', 'UFT/ETH', 'UFT/BUSD']"
0,435.html,Binance Completes WazirX Lottery Draw and Will Open Trading For WRX,2020-02-04 09:17,,
0,659.html,Binance Lists Time New Bank (TNB),2017-12-15 07:21,,
0,209.html,Cross Margin Trading for YFII Enabled on Binance,2020-10-15 08:38,,[]
0,527.html,Binance Will Support the Red Pulse Phoenix (PHX) Token Migration to Binance Chain,2019-05-20 02:41,,
0,177.html,New BUSD Trading Pairs and DUSK Enabled on Binance Isolated Margin,2020-11-03 11:00,,[]
0,198.html,Binance Futures Will Launch MATIC USDT-Margined Perpetual Contract With Up to 50x Leverage,2020-10-21 08:13,2020/10/22 7:00 AM,['MATIC/USDT']
0,462.html,Binance Adds Margin Trading for RVN,2019-12-03 08:27,,
0,032.html,Binance Will List Perpetual Protocol (PERP) in the Innovation Zone,2021-03-19 05:53,2021-03-19 8:00 AM,"['PERP', 'PERP/BTC', 'PERP/BUSD', 'PERP/USDT']"
0,161.html,Notice of Removal of Trading Pairs - 2020/11/17,2020-11-16 07:34,,[]
0,531.html,Binance Completes Matic Network Lottery Draw and Will Open Trading For MATIC,2019-04-25 12:01,,
0,024.html,Introducing the Tokocrypto (TKO) Token Sale on Binance Launchpad!,2021-03-30 10:00,2021-03-31 0:00 AM,[]
0,474.html,Binance Will List Community Coin Vote Round 2 Winner ARPA and Has Distributed Rewards,2019-11-06 11:37,,
0,618.html,Binance Adds ADA/BNB and ADA/USDT Trading Pairs,2018-04-17 05:53,,
0,248.html,Binance Futures Will Launch BLZ USDT-Margined Perpetual Contract With Up to 50x Leverage,2020-09-16 10:19,2020/09/17 7:00 AM,['BLZ/USDT']
0,566.html,Binance Will List USD Coin (USDC) on 2018/11/17,2018-11-15 03:55,,
0,136.html,ORN & UNFI Enabled on Binance Isolated Margin,2020-12-02 07:19,,[]
0,423.html,"Binance Adds BUSD Trading Pairs for BAT, ENJ, NANO, ONT & RVN",2020-02-14 06:00,,
0,589.html,Binance Supports ICX Mainnet Swap and Adds ICX/USDT Trading Pair ,2018-06-13 09:38,,
0,073.html,"Binance Futures Will Launch USDT-Margined LIT, UNFI Perpetual Contracts with Up to 25X Leverage",2021-02-18 04:53,2021-02-18 4:00 AM,[]
0,458.html,Binance Will List Community Coin Vote Round 4 Winner VITE and Has Distributed Rewards,2019-12-13 11:23,,
0,008.html,Binance Will List the Coinbase Stock Token,2021-04-14 07:43,,[]
0,264.html,Binance Futures Will Launch XRPUSD and ETCUSD Coin-Margined Perpetual Contracts With Up to 75x Leverage,2020-09-08 06:00,2020/09/09 7:00 AM,[]
0,634.html,Binance Lists Bluzelle (BLZ),2018-02-06 11:20,,
0,321.html,"Binance Will Add Multiple AUD, BKRW, BUSD & USDT Trading Pairs",2020-08-06 08:16,,[]
0,399.html,Binance Completes Cartesi Lottery Draw and Will Open Trading For CTSI,2020-04-22 10:24,,
0,663.html,Binance Lists Wabi (WABI),2017-12-12 01:55,,
0,233.html,"Binance Will List BSC Projects, BAKE and BURGER, in the Innovation Zone",2020-09-24 09:30,2020/09/24 11:00 AM,"['BAKE', 'BURGER', 'BAKE/BNB', 'BURGER/BNB']"
0,726.html,Binance Adds SNT/BTC Trading Pair,2017-10-12 09:59,,
0,376.html,BTCUSD Quarterly Futures Contracts Launched on Binance Futures,2020-06-11 10:00,,
0,419.html,Notice of Removal of Trading Pairs - 2020/02/20,2020-02-19 12:00,,
0,049.html,"Margin Trading for AERGO, FIRO & FTM Enabled on Binance",2021-03-05 08:34,,[]
0,225.html,"Binance Will List BSC Projects, CAKE and SPARTA, in the Innovation Zone",2020-09-29 07:12,2020/09/29 8:00 AM,"['CAKE', 'SPARTA', 'CAKE/BNB', 'CAKE/BUSD', 'SPARTA/BNB']"
0,675.html,Binance Lists FUEL,2017-11-23 09:32,,
0,360.html,Binance Futures Launch BTCUSD Quarterly 1225 Futures Contract With Up to 125x Leverage,2020-07-01 11:09,,
0,730.html,Binance Lists MDA,2017-10-05 05:48,,
0,622.html,Binance Lists WePower (WPR),2018-03-29 08:05,,
0,272.html,"Isolated Margin Trading for TRB, WNXM and TCT Enabled on Binance",2020-09-03 08:43,,[]
0,337.html,Binance Lists Maker (MKR) & Dai (DAI),2020-07-23 13:04,,
0,623.html,Binance Lists Syscoin (SYS),2018-03-28 10:03,,
0,273.html,Binance Futures Will Launch RUNE and SUSHI USDT-Margined Perpetual Contracts With Up to 50x Leverage,2020-09-03 05:00,2020/09/04 7:00 AM,"['RUNE/USDT', 'SUSHI/USDT']"
0,336.html,Binance Lists THORChain (RUNE),2020-07-24 10:36,,
0,224.html,Binance Lists Orion Protocol (ORN),2020-09-30 05:00,2020/09/30 6:00 AM,"['ORN', 'ORN/BTC', 'ORN/USDT']"
0,674.html,Binance Lists MANA,2017-11-24 03:24,,
0,361.html,Binance Futures Will Launch OMG/USDT Perpetual Contract With Up to 50x Leverage,2020-07-01 09:10,,
0,731.html,Binance Lists IOTA,2017-09-30 11:05,,
0,418.html,Binance Futures Will Launch IOST/USDT Perpetual Contract With Up to 50x Leverage,2020-02-20 10:03,,
0,048.html,Binance Will List MANTRA DAO (OM) in the Innovation Zone,2021-03-08 07:00,2021-03-08 9:00 AM,"['OM', 'OM/BTC', 'OM/BUSD', 'OM/USDT']"
0,398.html,Notice of Removal of Trading Pairs - 2020/04/24,2020-04-23 13:22,,
0,662.html,Binance Lists December Community Coin - ETHLend (LEND),2017-12-12 09:42,,
0,232.html,"Binance Futures Will List BTC, ETH, ADA & LINK Coin-Margined Quarterly 0326 Futures Contracts",2020-09-24 11:08,2020/09/25 08:00 AM,[]
0,727.html,Binance Adds EOS/BTC Trading Pair,2017-10-11 09:00,,
0,377.html,Isolated Margin Trading for FET and ALGO Enabled on Binance,2020-06-11 08:20,,
0,265.html,Binance Futures Will Launch LTCUSD and BCHUSD Coin-Margined Perpetual Contracts With Up to 75x Leverage,2020-09-07 08:21,2020/09/08 7:00 AM,[]
0,635.html,Binance Lists Viacoin (VIA),2018-02-05 08:32,,
0,320.html,Binance Lists Balancer (BAL),2020-08-06 13:24,2020/08/06 2:00 PM,"['BAL', 'BAL/BNB', 'BAL/BTC', 'BAL/BUSD']"
0,459.html,"Binance Adds BUSD/RUB, VET/BUSD and QTUM/BUSD Trading Pairs",2019-12-06 04:19,,
0,009.html,DREP & TKO Enabled on Binance Isolated Margin,2021-04-13 10:29,,[]
0,567.html,Binance Will List Decred (DCR) on 2018/10/24,2018-10-23 05:16,,
0,137.html,"Binance Adds BCH/EUR, YFI/EUR & ZIL/BIDR Trading Pairs",2020-12-02 06:06,2020/12/02 10:00 AM,"['BCH/EUR', 'YFI/EUR', 'ZIL/BIDR']"
0,422.html,Binance Futures Will Launch NEO/USDT Perpetual Contract With Up to 50x Leverage,2020-02-16 09:59,,
0,588.html,Binance Lists Siacoin (SC),2018-06-14 04:39,,
0,072.html,Binance Will List Frax Share (FXS) in the Innovation Zone,2021-02-18 06:50,2021-02-18 9:00 AM,"['FXS', 'FXS/BTC', 'FXS/BUSD']"
0,619.html,Binance Delists Centra (CTR) Token,2018-04-05 07:07,,
0,249.html,Binance Adds LEND/BKRW & SXP/EUR Trading Pairs,2020-09-16 09:00,2020/09/16 10:00 AM,"['LEND/BKRW', 'SXP/EUR']"
0,160.html,Binance Futures Will Launch BEL USDT-Margined Perpetual Contracts With Up to 50x Leverage,2020-11-17 04:30,2020/11/18 7:00 AM,[]
0,530.html,Binance Will List Cosmos (ATOM),2019-04-28 10:43,,
0,025.html,Binance Will List Conflux Network (CFX),2021-03-29 08:54,2021-03-29 11:00 AM,"['CFX', 'CFX/BTC', 'CFX/BUSD', 'CFX/USDT']"
0,475.html,Binance Adds Margin Trading for XRP/ETH,2019-11-05 08:01,,
0,526.html,Binance Will List Theta Fuel (TFUEL),2019-05-24 05:00,,
0,176.html,Binance Completes the Axie Infinity Lottery Draw and Will Open Trading For AXS,2020-11-04 09:00,2020/11/04 1:00 PM,[]
0,199.html,Binance Completes the Injective Protocol Lottery Draw and Will Open Trading For INJ,2020-10-20 10:04,2020/10/21 4:00 AM,[]
0,463.html,Binance Adds Trading Pairs for Russian Ruble (RUB),2019-12-02 08:49,,
0,033.html,Binance Futures Will Launch USDT-Margined LINA Perpetual Contracts with Up to 25X Leverage,2021-03-19 04:55,2021-03-19 07:00 AM,[]
0,658.html,Binance Lists ICON (ICX),2017-12-18 05:55,,
0,208.html,Binance Adds DOT/BKRW & SXP/GBP Trading Pairs,2020-10-15 09:41,2020/10/15 10:00 AM,"['DOT/BKRW', 'SXP/GBP']"
0,121.html,"Binance Will List The Graph (GRT), Deposits Are Now Open",2020-12-17 18:48,2020/12/17 8:30 PM,"['GRT', 'GRT/BTC', 'GRT/ETH', 'GRT/USDT']"
0,571.html,Binance Will List PAX/BTC Trading Pair,2018-09-30 11:01,,
0,064.html,"Binance Will Add BUSD Trading Pairs for 1INCH, BAND, GRT, IOST, OMG and REEF",2021-02-23 08:00,2021-02-23 12:00 PM,"['1INCH/BUSD', 'BAND/BUSD', 'GRT/BUSD', 'IOST/BUSD', 'OMG/BUSD', 'REEF/BUSD']"
0,434.html,Binance Futures Will Launch XTZ/USDT Perpetual Contract With Up to 50x Leverage,2020-02-05 11:14,,
0,443.html,Temporary Trading Halt for ETHBULL and ETHBEAR Trading Pairs,2020-01-17 14:10,,
0,013.html,BTCST & WIN Enabled on Binance Isolated Margin,2021-04-08 09:05,,[]
0,506.html,Binance Adds NPXS/USDT and NPXS/USDC Trading Pairs,2019-08-13 09:24,,
0,156.html,Margin Trading for EUR & BEL Enabled on Binance,2020-11-18 08:18,,[]
0,290.html,Binance Lists Wrapped NXM (WNXM),2020-08-26 06:05,2020/08/28 7:00 AM,"['WNXM', 'WNXM/BNB', 'WNXM/BTC', 'WNXM/BUSD', 'WNXM/USDT']"
0,044.html,"Introducing My Neighbor Alice (ALICE) on Binance Launchpool! Farm ALICE By Staking BNB, BUSD & CHR Tokens",2021-03-09 11:00,2021-03-15 06:00 AM,[]
0,414.html,Notice of Removal of Trading Pairs - 2020/02/28,2020-02-28 04:14,,
0,101.html,COVER Compensation Distribution Complete. Trading Will Resume at 2021/01/07 5:00 AM (UTC),2021-01-07 04:53,2021/01/07 5:00 AM,"['COVER/ETH', 'COVER/BUSD']"
0,551.html,Binance Will List StableUSD (USDS) on 2019/02/06,2019-02-01 11:01,,
0,382.html,Binance Enables Isolated Margin Trading for THETA and ZRX,2020-06-02 08:15,,
0,678.html,Binance Lists XZC,2017-11-22 06:54,,
0,228.html,Binance Futures Will Launch ENJ USDT-Margined Perpetual Contract With Up to 50x Leverage,2020-09-28 11:04,2020/09/29 7:00 AM,['ENJ/USDT']
0,697.html,Binance Adds  NULS/BTC and NULS/ETH Trading Pairs,2017-11-09 03:20,,
0,402.html,Binance Launches Options Trading on Mobile App,2020-04-13 09:41,,
0,052.html,Binance Will List Stafi (FIS) in the Innovation Zone,2021-03-03 06:00,2021-03-03 8:00 AM,"['FIS', 'FIS/BTC', 'FIS/BUSD', 'FIS/USDT']"
0,547.html,Binance Adds HOT/BNB and HOT/USDT Trading Pairs,2019-02-18 07:12,,
0,117.html,Updates to USDT-Margined GRT Perpetual Contract,2020-12-19 15:52,,[]
0,394.html,Notice of Removal of Trading Pairs - 2020/05/09,2020-05-08 11:33,,
0,681.html,Binance Lists POE,2017-11-20 11:02,,
0,005.html,Binance Will List Mirror Protocol (MIR) in the Innovation Zone,2021-04-19 10:41,2021-04-19 11:00 AM,"['MIR', 'MIR/BTC', 'MIR/BUSD', 'MIR/USDT']"
0,455.html,Binance Announces Strategic Investment in FTX and Lists FTX Token (FTT),2019-12-20 03:55,,
0,140.html,"Binance Futures Will Launch XRP, LTC, EOS, BCH Quarterly 1225 & 0326 Coin-Margined Contracts with up to 75X Leverage",2020-11-30 03:26,,[]
0,510.html,Binance Completes WINk Lottery Draw and Will Open Trading For WIN,2019-07-31 10:12,,
0,639.html,Binance Lists IOStoken (IOST),2018-01-24 06:47,,
0,269.html,Binance Futures Will Launch ADAUSD and LINKUSD Quarterly 1225 Coin-Margined Contracts With Up to 75x Leverage,2020-09-04 12:00,,[]
0,286.html,"Binance Adds ETH/NGN, DOT/BIDR, LINK/AUD & SXP/AUD Trading Pairs",2020-08-27 08:32,2020/08/28 8:00 AM,"['ETH/NGN', 'DOT/BIDR', 'LINK/AUD', 'SXP/AUD']"
0,091.html,Binance Will List DeXe (DEXE) in the Innovation Zone,2021-01-21 07:00,2021-01-21 8:00 AM,"['DEXE', 'DEXE/ETH', 'DEXE/BUSD']"
0,584.html,Binance Will List Nebulas (NAS) on 2018/06/28,2018-06-27 09:28,,
0,707.html,Binance Lists MOD,2017-11-03 03:18,,
0,357.html,"Isolated Margin Trading for REN, ICX Enabled on Binance",2020-07-07 08:26,,
0,642.html,Binance Lists iExec RLC (RLC),2018-01-12 06:54,,
0,212.html,"Binance Lists NEAR Protocol (NEAR), Deposits Are Now Open",2020-10-14 05:26,2020/10/14 12:00 PM,"['NEAR', 'NEAR/BTC', 'NEAR/BNB', 'NEAR/BUSD', 'NEAR/USDT']"
0,496.html,Binance Adds Margin Trading for ATOM,2019-09-17 08:32,,
0,183.html,Binance Adds ETH/BRL & DOT/EUR Trading Pairs,2020-10-29 13:21,2020/10/30 10:00 AM,"['ETH/BRL', 'DOT/EUR']"
0,479.html,Binance Completes Kava Lottery Draw and Will Open Trading For KAVA,2019-10-24 10:16,,
0,029.html,"Margin Trading for CHZ, COS & LINA Enabled on Binance",2021-03-23 08:59,,[]
0,300.html,Binance Lists Terra (LUNA),2020-08-19 07:02,2020/08/21 10:00 AM,"['LUNA', 'LUNA/BTC', 'LUNA/BNB', 'LUNA/BUSD', 'LUNA/USDT']"
0,750.html,The Announcement for BCC Distribution ,2017-08-02 08:22,,
0,245.html,Binance Futures Will Launch UNI USDT-Margined Perpetual Contract With Up to 50x Leverage,2020-09-17 06:00,2020/09/18 7:00 AM,['UNI/USDT']
0,615.html,Binance Lists Loom Network (LOOM),2018-05-02 08:19,,
0,480.html,Binance Lists Blockstack (STX),2019-10-23 16:57,,
0,195.html,"Introducing CertiK (CTK) on Binance Launchpool! Farm CTK By Staking BNB, BUSD & CTK Tokens",2020-10-22 09:42,2020/10/27 8:00 AM,[]
0,746.html,Binance Will Add MCO/BTC Trading Pair On August 24,2017-08-23 12:51,,
0,316.html,Binance Lists JUST (JST),2020-08-11 06:28,2020/08/11 6:00 AM,"['JST', 'JST/BNB', 'JST/BTC', 'JST/BUSD', 'JST/USDT']"
0,603.html,Binance Lists Theta Token (THETA),2018-05-29 08:45,,
0,253.html,BTT USDT-Margined Perpetual Contract Listing is Cancelled,2020-09-15 06:01,2020/09/15 7:00 AM,[]
0,087.html,Binance Will List Trust Wallet Token (TWT) in the Innovation Zone,2021-01-27 06:00,2021-01-27 8:00 AM,"['TWT', 'TWT/BTC', 'TWT/BUSD', 'TWT/USDT']"
0,438.html,Binance Futures Will Launch DASH/USDT Perpetual Contract With Up to 50x Leverage,2020-02-03 10:28,,
0,592.html,Binance Supports ONT Mainnet Swap and Adds ONT/USDT Trading Pair ,2018-06-08 08:38,,
0,068.html,Binance Futures Will Launch USDT-Margined DODO Perpetual Contracts with Up to 25X Leverage,2021-02-19 13:43,2021-02-19 13:00,[]
0,341.html,Binance Lists IRISnet (IRIS) ,2020-07-21 11:36,,
0,711.html,Binance Lists POWR,2017-11-01 04:30,,
0,204.html,Binance Futures Will Launch RSR & LRC USDT-Margined Perpetual Contracts With Up to 50x Leverage,2020-10-19 05:00,2020/10/19 7:00 AM,"['RSR/USDT', 'LRC/USDT']"
0,654.html,Binance Lists ælf (ELF),2017-12-21 04:46,,
0,126.html,"AKRO, MTL & SKL Enabled on Binance Isolated Margin",2020-12-09 09:35,,[]
0,576.html,Binance Completes HSR to HC Mainnet Swap and Opens Trading,2018-08-21 08:50,,
0,599.html,Binance Lists QuarkChain (QKC),2018-06-04 07:58,,
0,063.html,Binance Will List AC Milan Fan Token (ACM). Purchase ACM Tokens with BNB at a 25% Discount Prior to Trading Using the Launchpad Subscription Format!,2021-02-24 05:01,2021-02-24 11:00 AM,"['ACM', 'ACM/BTC', 'ACM/BUSD', 'ACM/USDT']"
0,433.html,"Binance Adds ICX, BTS, LSK and BNT Stablecoin Trading Pairs",2020-02-06 06:12,,
0,521.html,Binance Will List Algorand (ALGO),2019-06-21 04:39,,
0,171.html,Notice of Removal of Trading Pairs - 2020/11/10,2020-11-09 12:07,,[]
0,464.html,Binance Futures Launches ETH/USDT Perpetual Contract - Up to 50x Leverage,2019-11-29 01:29,,
0,034.html,Binance Completes the Linear Discount Sale and Will Open Trading for LINA,2021-03-18 11:00,2021-03-18 12:00 PM,"['LINA', 'LINA/BTC', 'LINA/BUSD', 'LINA/USDT']"
0,258.html,"Isolated Margin Trading for RSR, DIA and OCEAN Enabled on Binance",2020-09-13 05:49,,[]
0,608.html,Notice to Postpone Listing of ZenCash (ZEN),2018-05-23 07:19,,
0,167.html,Binance Futures Will Launch CVC USDT-Margined Perpetual Contract With Up to 50x Leverage,2020-11-10 09:00,2020/11/11 7:00 AM,[]
0,537.html,"Binance Adds ADA/PAX, ADA/USDC, NEO/PAX and NEO/USDC Trading Pairs",2019-03-26 11:30,,
0,022.html,Binance Futures Will Launch USDT-Margined MTL Perpetual Contracts with Up to 25X Leverage,2021-03-31 06:15,2021-03-31 07:00 AM,[]
0,188.html,Binance Will List BCHUP & BCHDOWN Binance Leveraged Tokens,2020-10-27 07:14,2020/10/28 7:00 AM,[]
0,472.html,Binance Margin Trading Adds BNB/ETH to Available Trading Pairs,2019-11-07 08:36,,
0,560.html,Binance Will Add USDC Quote Pairs into the USDⓈ Trading Market/Tab,2018-12-14 04:00,,
0,130.html,"Margin Trading for GBP, SUSHI & DCR Enabled on Binance",2020-12-07 07:28,,[]
0,425.html,Binance Futures Will Launch BAT/USDT Perpetual Contract With Up to 50x Leverage,2020-02-12 10:00,,
0,075.html,Binance Completes the SafePal Subscription Launchpad and Will Open Trading for SFP,2021-02-08 10:00,2021-02-15 11:59 PM,[]
0,219.html,Binance Lists VIDT Datalink (VIDT) in the Innovation Zone,2020-10-09 11:38,2020/10/09 2:00 PM,"['VIDT', 'VIDT/BTC', 'VIDT/BUSD']"
0,649.html,Binance Lists Eidoo (EDO),2017-12-25 07:42,,
0,262.html,Binance Lists UMA (UMA),2020-09-09 07:38,2020/09/09 9:00 AM,"['UMA', 'UMA/BTC', 'UMA/USDT']"
0,632.html,Binance Lists Red Pulse (RPX),2018-02-12 04:02,,
0,327.html,Binance Lists FIO Protocol (FIO),2020-07-31 07:58,,
0,059.html,"Binance Adds DOT/GBP, ADA/TRY, ADA/BRL & ADA/GBP Trading Pairs",2021-02-26 04:12,2021-02-26 10:00 AM,"['DOT/GBP', 'ADA/TRY', 'ADA/BRL', 'ADA/GBP']"
0,409.html,Binance Will List Community Coin Vote Round 7 Winner STPT and Has Distributed Rewards,2020-03-25 10:32,,
0,665.html,Binance Lists Cindicator (CND),2017-12-11 03:54,,
0,235.html,Binance Lists Helium (HNT),2020-09-24 06:36,2020/09/24 9:00 AM,"['HNT', 'HNT/BTC', 'HNT/USDT']"
0,720.html,Binance Lists AST,2017-10-19 06:06,,
0,370.html,"Isolated Margin Trading for HBAR, ENJ and NANO Enabled on Binance",2020-06-18 08:11,,
0,223.html,Binance Adds TRX/NGN & SXP/TRY Trading Pairs,2020-09-30 09:00,2020/10/01 10:00 AM,"['TRX/NGN', 'SXP/TRY']"
0,389.html,"Binance Adds BUSD Trading Pairs for HBAR, MATIC, WRX and ZIL",2020-05-22 05:34,,
0,673.html,Binance Distributes Bitcoin Diamond BCD and Adds BCD Markets,2017-11-24 15:20,,
0,366.html,Binance Futures Will Launch ZRX/USDT Perpetual Contract With Up to 50x Leverage,2020-06-23 09:07,,
0,736.html,Binance Adds NEO/ETH Trading Pair,2017-09-28 08:33,,
0,018.html,New Listings This Week and Updates on Leverage and Margin Tiers of Binance Futures Contracts,2021-04-06 06:27,2021-04-06 07:00 AM,[]
0,448.html,Binance Futures Will Launch ETC/USDT Perpetual Contract With Up to 75x Leverage,2020-01-15 11:03,,
0,624.html,Binance Lists Qlink (QLC),2018-03-26 10:36,,
0,274.html,Binance Lists DIA (DIA),2020-09-02 11:56,2020/09/04 1:00 PM,"['DIA', 'DIA/BNB', 'DIA/BTC', 'DIA/BUSD', 'DIA/USDT']"
0,331.html,Isolated Margin Trading for STORJ and BAND Enabled on Binance,2020-07-30 07:46,,
0,346.html,Binance Futures Will Launch ADAUSD Quarterly 0925 Futures Contract With Up to 75x Leverage,2020-07-20 05:00,,
0,716.html,Binance Lists EVX,2017-10-26 13:52,,
0,203.html,Binance Will Launch a FIL/USD Coin-Margined Perpetual Contract With Up to 50x Leverage and List FILUP & FILDOWN Binance Leveraged Tokens,2020-10-19 09:23,2020/10/20 7:00 AM,"['FIL/USD', 'FILUP/USDT', 'FILDOWN/USDT']"
0,653.html,Binance Lists Aion (AION),2017-12-21 09:44,,
0,080.html,Introducing the SafePal (SFP) Token Sale With a New Binance Launchpad Subscription Format!,2021-02-01 14:30,2021-02-02 0:00 AM,[]
0,595.html,Notice to Postpone Listing of SingularityNET (AGI),2018-06-05 10:02,,
0,741.html,Binance Lists SNGLS,2017-09-18 05:38,,
0,311.html,Binance Lists Aragon (ANT),2020-08-13 02:47,2020/08/13 2:30 AM,"['ANT', 'ANT/BNB', 'ANT/BTC，ANT/BUSD', 'ANT/USDT']"
0,604.html,Binance Lists Civic (CVC),2018-05-28 10:22,,
0,254.html,Binance Lists Swerve (SWRV),2020-09-15 05:01,2020/09/15 6:00 AM,"['SWRV', 'SWRV/BNB', 'SWRV/BUSD']"
0,487.html,"Binance Adds REN/USDT, RVN/USDT and HC/USDT Trading Pairs",2019-09-25 09:24,,
0,038.html,Binance Will List Beefy.Finance (BIFI) in the Innovation Zone,2021-03-16 06:30,2021-03-16 9:00 AM,"['BIFI', 'BIFI/BNB', 'BIFI/BUSD']"
0,192.html,Binance Adds LINK/EUR & ONE/BUSD Trading Pairs,2020-10-23 05:40,2020/10/23 10:00 AM,"['LINK/EUR', 'ONE/BUSD']"
0,468.html,Binance Adds MCO/USDT Trading Pair,2019-11-19 04:28,,
0,307.html,Binance Completes The Sandbox Lottery Draw and Will Open Trading For SAND,2020-08-14 10:14,2020/08/14 1:00 PM,"['SAND/BNB', 'SAND/BTC', 'SAND/USDT', 'SAND/BUSD']"
0,242.html,Binance Lists Orchid (OXT),2020-09-21 06:20,2020/09/21 8:00 AM,"['OXT', 'OXT/BTC', 'OXT/USDT']"
0,612.html,Binance Lists Augur (REP),2018-05-11 08:56,,
0,491.html,Binance Lists Beam (BEAM),2019-09-20 06:22,,
0,184.html,Cross Margin Trading for NEAR Enabled on Binance,2020-10-29 06:33,,[]
0,700.html,Binance Lists KMD,2017-11-07 09:36,,
0,350.html,"Isolated Margin Trading for DOGE, SC, REP, BNT and BTT Enabled on Binance",2020-07-14 08:03,,
0,645.html,Binance Lists Triggers (TRIG),2017-12-29 06:52,,
0,215.html,Binance Futures Will Launch KSM USDT-Margined Perpetual Contract With Up to 50x Leverage,2020-10-13 06:00,2020/10/14 7:00 AM,['KSM/USDT']
0,096.html,Notice of Removal of Trading Pairs - 2021/01/14,2021-01-13 10:47,,[]
0,583.html,Binance Lists Mainframe (MFT),2018-07-05 06:07,,
0,079.html,Binance Will List Prosper (PROS) in the Innovation Zone,2021-02-03 06:00,2021-02-03 8:00 AM,"['PROS', 'PROS/ETH']"
0,429.html,Binance Futures Will Launch BNB/USDT Perpetual Contract With Up to 50x Leverage,2020-02-07 11:43,,
0,281.html,Binance Futures Will Launch BAL and CRV USDT-Margined Perpetual Contracts With Up to 50x Leverage,2020-09-01 06:06,2020/09/01 7:00 AM,"['BAL/USDT', 'CRV/USDT']"
0,002.html,Binance Completes the FC Barcelona Fan Token Discount Sale and Will Open Trading for BAR,2021-04-21 11:00,2021-04-21 11:00 AM,"['BAR', 'BAR/BTC', 'BAR/BUSD', 'BAR/USDT']"
0,452.html,Binance Lists Origin Protocol (OGN),2020-01-07 04:20,,
0,147.html,"Binance Futures Will Relaunch BCHUSD Coin-Margined Perpetual Contracts With Up to 75x Leverage, and Will Adjust the Maximum Leverage for the BCHUSDT Perpetual Contract to 75x",2020-11-25 03:38,2020/11/25 7:00 AM,[]
0,517.html,Binance Will Dogecoin (DOGE),2019-07-05 09:14,,
0,239.html,"Binance Lists Avalanche (AVAX), Deposits Are Now Open",2020-09-22 07:36,2020/09/22 12:00 PM,"['AVAX', 'AVAX/BTC', 'AVAX/BNB', 'AVAX/BUSD', 'AVAX/USDT']"
0,393.html,Binance Launches Binance Leveraged Tokens (BLVT) and Will List BTCUP and BTCDOWN,2020-05-12 02:20,,
0,669.html,Binance Lists ADA,2017-11-30 01:26,,
0,686.html,Binance Lists ARN,2017-11-15 03:46,,
0,405.html,Binance Has Delisted All FTX Leveraged Tokens and Will Complete Distribution of BUSD,2020-03-31 13:48,,
0,055.html,Binance Will List Badger DAO (BADGER) in the Innovation Zone,2021-03-02 06:00,2021-03-02 8:00 AM,"['BADGER', 'BADGER/BTC', 'BADGER/BUSD', 'BADGER/USDT']"
0,540.html,Binance Will Add Additional Trading Pairs for ZEC,2019-03-20 06:50,,
0,110.html,"Binance Will List 1inch (1INCH) in the Innovation Zone, Deposits Are Now Open",2020-12-25 04:17,2020/12/25 5:00 AM,"['1INCH', '1INCH/BTC', '1INCH/USDT']"
0,385.html,Notice of Removal of Trading Pairs - 2020/05/29,2020-05-28 12:28,,
0,690.html,"Binance Adds  BCC/USDT, BCC/ETH and BCC/BNB Trading Pairs",2017-11-11 09:21,,
0,043.html,Binance Will List Dego Finance (DEGO) in the Innovation Zone. Purchase DEGO Tokens with BNB at a 40% Discount Prior to Trading Using the Launchpad Subscription Format!,2021-03-10 05:00,2021-03-10 11:00 AM,"['DEGO', 'DEGO/BTC', 'DEGO/BUSD', 'DEGO/USDT']"
0,413.html,Notice of Removal of Trading Pairs - 2020/03/11,2020-03-10 06:36,,
0,106.html,Binance Will Suspend COVER Trading and COVER Deposits,2020-12-28 13:33,2020/12/28 12:40 PM,[]
0,556.html,"Binance Will Add LINK/USDT, LINK/TUSD, LINK/PAX and LINK/USDC Trading Pairs",2019-01-15 05:00,,
0,278.html,Binance Lists Sushi (SUSHI) and DFI.Money (YFII),2020-09-01 11:10,2020/09/01 11:00 AM,"['YFII', 'SUSHI/BNB', 'SUSHI/BTC', 'SUSHI/BUSD', 'SUSHI/USDT', 'YFII/BNB', 'YFII/BTC', 'YFII/BUSD', 'YFII/USDT']"
0,628.html,Binance Lists Ontology (ONT),2018-03-08 06:26,,
0,297.html,DOT USDT-Margined Perpetual Contract Listing Delayed to 2020/08/22,2020-08-20 09:45,2020/08/20 7:00 AM,[]
0,444.html,"Binance Lists FTX Leveraged Tokens: BULL, BEAR, ETHBULL & ETHBEAR",2020-01-17 10:38,,
0,014.html,Binance Completes the Tokocrypto Subscription Launchpad and Will Open Trading for TKO,2021-04-07 11:00,2021-04-07 13:00 PM,['TKO']
0,501.html,Binance Completes Perlin Lottery Draw and Will Open Trading For PERL,2019-08-25 09:49,,
0,151.html,Binance Futures Will Launch ALPHA USDT-Margined Perpetual Contract With Up to 50x Leverage,2020-11-23 04:03,2020/11/23 7:00 AM,[]
0,445.html,Binance Adds Margin Trading pair for BUSD,2020-01-17 07:10,,
0,015.html,Subscription for the Tokocrypto (TKO) Token Sale on Binance Launchpad Is Now Open,2021-04-07 06:00,2021-04-07 13:00 PM,['TKO']
0,500.html,Binance Adds Multiple USDT Trading Pairs,2019-08-26 10:43,,
0,150.html,Binance Futures Will Launch ZEN USDT-Margined Perpetual Contract With Up to 50x Leverage,2020-11-24 04:00,2020/11/24 7:00 AM,[]
0,279.html,Binance Futures Will Increase Maximum Leverage on DOT Contracts to 75x,2020-09-01 09:58,2020/09/02 7:00 AM,[]
0,629.html,Binance Lists Round 6 Community Coin Winner - Zilliqa (ZIL),2018-03-05 06:52,,
0,296.html,Binance Lists IDEX (IDEX),2020-08-22 06:05,2020/08/22 7:00 AM,"['IDEX', 'IDEX/BTC', 'IDEX/BUSD']"
0,042.html,Binance Completes the Dego Finance Discount Sale and Will Open Trading for DEGO,2021-03-10 10:00,2021-03-10 11:00 AM,"['DEGO', 'DEGO/BTC', 'DEGO/BUSD', 'DEGO/USDT']"
0,412.html,Binance Lists FTX Leveraged Tokens: BNBBULL & BNBBEAR,2020-03-11 05:14,,
0,107.html,"Binance Futures Will Launch USDT-Margined BNT, UNFI, CHZ Perpetual Contracts with Up to 20X Leverage",2020-12-28 03:46,,[]
0,557.html,"Binance Will Add PAX/TUSD, USDC/TUSD and USDC/PAX Trading Pairs",2019-01-07 08:04,,
0,384.html,Binance Lists Binance IDR Stable Coin (BIDR),2020-06-01 05:39,,
0,691.html,Binance Lists AMB,2017-11-10 17:02,,
0,404.html,Notice of Removal of Trading Pairs - 2020/04/03,2020-04-02 13:17,,
0,054.html,CTXC and FIO Enabled on Binance Isolated Margin,2021-03-02 09:09,,[]
0,541.html,Binance Adds XMR/BNB and XMR/USDT Trading Pairs,2019-03-14 10:31,,
0,111.html,Binance Will Delist AE & HC on 2020/12/30,2020-12-24 07:09,,[]
0,238.html,Isolated Margin Trading for NMR & VITE Enabled on Binance,2020-09-22 08:32,,[]
0,392.html,Notice of Removal of Trading Pairs - 2020/05/15,2020-05-14 13:03,,
0,668.html,Binance Lists PPT,2017-12-01 04:41,,
0,687.html,Binance Lists BCPT,2017-11-14 12:24,,
0,003.html,Binance Will List FC Barcelona Fan Token (BAR) in the Innovation Zone. Purchase BAR Tokens with BNB at a 30% Discount Prior to Trading Using the Launchpad Subscription Format!,2021-04-21 06:00,2021-04-21 11:00 AM,"['BAR', 'BAR/BTC', 'BAR/BUSD', 'BAR/USDT']"
0,453.html,Binance Futures Launches XRP/USDT Perpetual Contract With Up to 75x Leverage,2020-01-06 12:42,,
0,146.html,"Margin Trading for WAVES, OMG, ROSE, MDT, ZEN & OXT Enabled on Binance",2020-11-25 06:34,,[]
0,516.html,More Assets and Pairs Now Available on Binance Margin Trading,2019-07-18 10:24,,
0,280.html,"DOT, ANT, CRV, BAL and YFI Enabled on Binance Margin Trading",2020-09-01 07:19,,[]
0,097.html,PAXG Enabled on Binance Isolated Margin,2021-01-12 10:17,,[]
0,582.html,Binance Lists Dent (DENT),2018-07-06 05:19,,
0,078.html,Updates to Maximum Leverage and Margin Tiers of Binance Futures Contracts,2021-02-03 08:13,2021-02-03 6:00 AM,[]
0,428.html,Binance Futures Will Launch ONT/USDT Perpetual Contract With Up to 50x Leverage,2020-02-10 10:02,,
0,701.html,Binance Adds  VEN/BTC and VEN/ETH Trading Pairs,2017-11-07 06:33,,
0,351.html,"Binance Will Delist ARN, FUEL and LUN on 2020/07/20",2020-07-13 15:00,,
0,644.html,Binance Lists AppCoins (APPC),2018-01-05 16:46,,
0,214.html,Binance Adds BTC/BRL & USDT/BRL Trading Pairs,2020-10-13 07:00,2020/10/13 10:00 AM,"['BTC/BRL', 'USDT/BRL']"
0,490.html,Binance Will Postpone the Trading of Beam (BEAM) by 24 Hours,2019-09-20 12:53,,
0,185.html,Binance Will List Bounce (BOT) in the Innovation Zone,2020-10-29 05:39,2020/10/29 8:00 AM,"['BOT', 'BOT/BTC', 'BOT/BUSD']"
0,306.html,Binance Lists Ocean Protocol (OCEAN),2020-08-17 07:00,2020/08/19 8:00 AM,"['OCEAN', 'OCEAN/BTC', 'OCEAN/BNB', 'OCEAN/BUSD', 'OCEAN/USDT']"
0,243.html,Binance Completes Distribution and Will List New BitShares (NBS),2020-09-18 16:34,2020/09/10 1:55:00 PM,"['NBS/BTC', 'NBS/USDT']"
0,613.html,Binance Lists Bytecoin (BCN),2018-05-08 04:50,,
0,486.html,Binance Lists Hedera Hashgraph (HBAR),2019-09-27 02:35,,
0,039.html,Binance Futures Will Launch USDT-Margined ALICE Perpetual Contracts with Up to 25X Leverage,2021-03-16 03:00,2021-03-16 03:00 AM,[]
0,193.html,Notice of Removal of Trading Pairs - 2020/10/23,2020-10-22 13:29,,[]
0,469.html,Notice of Removal of Trading Pairs - 2019/11/15,2019-11-14 11:14,,
0,740.html, Binance Lists BQX,2017-09-20 11:56,,
0,310.html,Binance Futures Will Launch SNX USDT-Margined Perpetual Contract With Up to 50x Leverage,2020-08-13 06:00,2020/08/14 7:00 AM,['SNX/USDT']
0,605.html,"Binance Adds EOS/BNB, EOS/USDT Trading Pairs and EOS Mainnet Swap Update",2018-05-28 06:03,,
0,255.html,Bella Protocol (BEL) Trading Start Time Brought Forward to 2020/09/15,2020-09-14 15:07,2020/09/15 8:00 AM,['BEL']
0,081.html,Cross Margin Trading for DOGE Enabled on Binance,2021-02-01 09:04,,[]
0,594.html,Binance Lists Nexus (NXS),2018-06-06 04:50,,
0,347.html,Binance Lists VeThor Token (VTHO) ,2020-07-17 10:59,,
0,717.html,Binance Distributes BTG and Adds BTG Markets,2017-10-24 07:59,,
0,202.html,FIL Coin-Margined Perpetual Contract Listing Postponed,2020-10-20 04:06,2020/10/20 7:00 AM,[]
0,652.html,Binance Lists Neblio (NEBL),2017-12-22 07:32,,
0,625.html,Binance Lists Wancoin (WAN),2018-03-23 04:51,,
0,275.html,Binance Lists Kusama (KSM),2020-09-02 07:07,2020/09/04 11:00 AM,"['KSM', 'KSM/BNB', 'KSM/BTC', 'KSM/BUSD', 'KSM/USDT']"
0,330.html,Binance Futures Will Launch RLC/USDT Perpetual Contract With Up to 50x Leverage,2020-07-30 09:00,,
0,019.html,Binance Will List Ellipsis (EPS) and Auto (AUTO) in the Innovation Zone,2021-04-02 07:00,2021-04-02 9:00 AM,"['EPS', 'AUTO', 'EPS/BTC', 'EPS/BUSD', 'EPS/USDT', 'AUTO/BTC', 'AUTO/BUSD', 'AUTO/USDT']"
0,449.html,Binance Futures Will Launch TRX/USDT Perpetual Contract With Up to 75x Leverage,2020-01-14 14:38,,
0,222.html,Binance Lists UTRUST (UTK),2020-10-02 05:00,2020/10/02 6:00 AM,"['UTK', 'UTK/BTC', 'UTK/USDT']"
0,388.html,Binance Options Lists ETH and XRP Contracts,2020-05-25 05:20,,
0,672.html,Binance Lists DGD,2017-11-27 06:48,,
0,367.html,Binance Lists DigiByte (DGB) ,2020-06-22 13:00,,
0,737.html,Binance Lists SNM,2017-09-27 08:59,,
0,664.html,Gifto (GIFTO) Token Sale Events,2017-12-11 09:29,,
0,234.html,"Isolated Margin Trading for EUR, AVAX & NKN Enabled on Binance",2020-09-24 07:34,,[]
0,721.html,Binance Adds BNT/BTC Trading Pair,2017-10-17 05:14,,
0,371.html,Binance Futures Will Launch ZIL/USDT Perpetual Contract With Up to 50x Leverage,2020-06-17 08:20,,
0,058.html,Binance Will List Terra Virtua (TVK) in the Innovation Zone,2021-02-26 06:26,2021-02-26 9:00 AM,"['TVK', 'TVK/BTC', 'TVK/BUSD']"
0,408.html,Notice of Removal of Trading Pairs - 2020/03/27,2020-03-26 12:50,,
0,263.html,"Isolated Margin Trading for PNT, WAN, SAND, TROY and BZRX Enabled on Binance",2020-09-08 07:35,,[]
0,633.html,Binance Lists Aeternity (AE),2018-02-07 12:40,,
0,326.html,Binance Options Will List BNB Contract,2020-08-03 08:35,,
0,218.html,Binance Futures Will Launch TOMO USDT-Margined Perpetual Contract With Up to 50x Leverage,2020-10-10 09:04,2020/10/12 7:00 AM,['TOMO/USDT']
0,648.html,Binance Lists Wings (WINGS),2017-12-26 04:20,,
0,561.html,Binance Will Add TUSD Quote Pairs into the USDⓈ Trading Market/Tab,2018-12-06 11:59,,
0,131.html,"Binance Futures Will Launch TRX, ETC, FIL Quarterly 1225 & 0326 Coin-Margined Contracts with up to 75X Leverage",2020-12-07 04:00,,[]
0,424.html,Binance Futures Will Launch VET/USDT Perpetual Contract With Up to 50x Leverage,2020-02-13 07:01,,
0,074.html,LIT Enabled on Binance Isolated Margin,2021-02-09 06:15,,[]
0,166.html,"AXS, CTK, EUR, LOOM & UTK Enabled on Binance Isolated Margin",2020-11-12 06:38,,[]
0,536.html,Binance Adds DASH/BNB and DASH/USDT Trading Pairs,2019-03-27 12:29,,
0,023.html,Cross Margin Trading for CAKE Enabled on Binance,2021-03-30 10:52,,[]
0,189.html,"Binance Lists Audius (AUDIO), Deposits Are Now Open",2020-10-23 18:00,2020/10/23 7:00 PM,"['AUDIO', 'AUDIO/BTC', 'AUDIO/BUSD', 'AUDIO/USDT']"
0,473.html,Binance Adds TRX/BUSD and EOS/BUSD Trading Pairs,2019-11-07 07:32,,
0,259.html,"Binance Adds SRM/BIDR, ONE/BIDR, LINK/TRY and USDT/NGN Trading Pairs",2020-09-10 09:08,2020/09/11 8:00 AM,"['SRM/BIDR', 'ONE/BIDR', 'LINK/TRY', 'USDT/NGN']"
0,609.html,Binance Lists ZenCash (ZEN),2018-05-23 04:30,,
0,520.html,Binance Adds USDSB/USDT and USDSB/USDS Trading Pairs,2019-06-24 08:40,,
0,170.html,"Binance Adds DNT/BUSD, DNT/USDT, ADA/EUR & LTC/NGN Trading Pairs",2020-11-10 05:16,,[]
0,465.html,Binance Adds Margin Trading for XTZ,2019-11-26 08:32,,
0,035.html,"ALICE, DEGO, FRONT, MBL, OM & POND Enabled on Binance Isolated Margin",2021-03-18 08:33,,[]
0,127.html,"Binance Leveraged Tokens (BLVT) Target Leverage Range Adjusted to 1.25x - 4x and Will List SUSHIUP, SUSHIDOWN, XLMUP and XLMDOWN",2020-12-09 03:18,,[]
0,577.html,Binance Lists Community Coin Round 8 Winner - Polymath (POLY),2018-07-31 05:06,,
0,598.html,Notice to Postpone Listing of QuarkChain (QKC),2018-06-04 10:49,,
0,062.html,Binance Completes the AC Milan Fan Token Discount Sale and Will Open Trading for ACM,2021-02-24 10:00,2021-02-24 11:00 AM,"['ACM', 'ACM/BTC', 'ACM/BUSD', 'ACM/USDT']"
0,432.html,Binance Adds BUSD Margin Pairs for BNB and ETH,2020-02-06 07:14,,
0,299.html,Binance Futures Will Launch DOT USDT-Margined Perpetual Contract With Up to 50x Leverage,2020-08-19 09:00,2020/08/20 7:00 AM,['DOT/USDT']
0,333.html,Binance Futures Will Launch BAND/USDT Perpetual Contract With Up to 50x Leverage,2020-07-28 10:00,,
0,626.html,Binance Lists NEM (XEM),2018-03-20 06:59,,
0,276.html,Binance Futures Will Launch TRB and YFII USDT-Margined Perpetual Contracts With Up to 50x Leverage,2020-09-02 05:00,2020/09/03 7:00 AM,"['TRB/USDT', 'YFII/USDT']"
0,364.html,Binance Lists Compound (COMP) ,2020-06-25 06:00,,
0,734.html,Binance Lists XVG,2017-09-29 06:06,,
0,221.html,Aave (LEND) Token Swap to AAVE Will Be Supported on Binance With Various Service Updates & Settlements,2020-10-03 12:59,,[]
0,671.html,Binance Adds IOTA/BNB Trading Pair,2017-11-28 08:39,,
0,558.html,Binance Adds TRX/XRP and XZC/XRP Trading Pairs,2018-12-24 07:20,,
0,108.html,Binance Will Enable Isolated Margin Trading and Launch a USDT-Margined Perpetual Contract with Up to 20X Leverage for 1INCH,2020-12-25 09:55,2020/12/25 10:00 AM,"['1INCH/BTC', '1INCH/USDT']"
0,722.html,Binance Adds DNT/BTC Trading Pair,2017-10-16 05:55,,
0,688.html,Binance Lists ZEC,2017-11-14 04:47,,
0,372.html,Isolated Margin Trading for KNC and TFUEL Enabled on Binance,2020-06-16 08:34,,
0,667.html,Binance Lists CMT,2017-12-05 12:03,,
0,237.html,Binance Futures Will Launch AVAX USDT-Margined Perpetual Contract With Up to 50x Leverage,2020-09-22 09:17,2020/09/23 7:00 AM,['AVAX/USDT']
0,325.html,Binance Futures Will Launch ETHUSD Quarterly 1225 Futures Contract With Up to 75x Leverage,2020-08-04 05:29,2020/08/05 08:00 AM,[]
0,260.html,"Isolated Margin Trading for KSM, RUNE, XEM and BLZ Enabled on Binance",2020-09-10 06:20,,[]
0,630.html,Binance Lists POA Network (POA),2018-02-28 07:44,,
0,519.html,Binance Will Add Additional Trading Pairs for GTO,2019-07-01 04:59,,
0,149.html,Binance Options Will List LTC Contract,2020-11-24 05:00,2020/11/25 7:00 AM,[]
0,427.html,"Binance Adds BUSD Trading Pairs for ATOM, DASH, NEO, WAVES & XTZ",2020-02-11 04:59,,
0,077.html,Binance Will List Vai (VAI) in the Innovation Zone,2021-02-04 04:48,2021-02-04 10:00 AM,"['VAI', 'BTC/VAI', 'BUSD/VAI']"
0,098.html,Binance Futures Launches BTCBUSD Perpetual Contracts,2021-01-11 05:58,2021/01/11 5:00 AM,[]
0,562.html,Binance Lists Republic Protocol (REN),2018-12-06 03:37,,
0,132.html,Binance Will List COVER Protocol (COVER) in the Innovation Zone,2020-12-05 03:00,2020/12/05 5:00 AM,"['COVER', 'COVER/ETH', 'COVER/BUSD']"
0,309.html,"Binance Will List Curve (CRV), Deposits Now Open",2020-08-14 04:31,,[]
0,020.html,Margin Trading for KAVA  & SUPER Enabled on Binance,2021-04-01 10:29,,[]
0,470.html,Binance Adds Margin Trading for IOTA,2019-11-14 08:22,,
0,165.html,Cross Margin Trading for AAVE Enabled on Binance,2020-11-12 10:23,,[]
0,535.html,"Binance Adds NANO/USDT, OMG/USDT and OMG/BNB Trading Pairs",2019-04-02 10:08,,
0,466.html,Binance Will List Community Coin Vote Round 3 Winner CTXC and Has Distributed Rewards,2019-11-22 11:00,,
0,036.html,Binance Will List Linear (LINA) in the Innovation Zone. Purchase LINA Tokens with BNB at a 30% Discount Prior to Trading Using the Launchpad Subscription Format!,2021-03-18 05:00,2021-03-18 12:00 PM,"['LINA', 'LINA/BTC', 'LINA/BUSD', 'LINA/USDT']"
0,523.html,Binance Will List Bitcoin BEP2 (BTCB),2019-06-18 08:14,,
0,489.html,Binance Lists Tezos (XTZ),2019-09-23 12:59,,
0,173.html,Binance Adds BNB/BRL & LTC/EUR Trading Pairs,2020-11-06 04:06,2020/11/06 10:00 AM,"['BNB/BRL', 'LTC/EUR']"
0,718.html,Binance Adds OAX/BTC and ICN/BTC Trading Pairs,2017-10-23 11:37,,
0,348.html,Isolated Margin Enabled For Multiple BUSD Trading Pairs on Binance,2020-07-16 08:08,,
0,061.html,"Margin Trading for AION, BAKE, BQX, DENT, HOT, KEY, MFT, NPXS, SUN & SXP Enabled on Binance",2021-02-24 11:08,,[]
0,431.html,Binance Futures Will Launch ATOM/USDT Perpetual Contract With Up to 50x Leverage,2020-02-06 08:26,,
0,124.html,Binance Will List dForce (DF) in the Innovation Zone,2020-12-11 07:56,2020/12/11 10:00 AM,"['DF', 'DF/ETH', 'DF/BUSD']"
0,574.html,Binance Adds TRX/BNB Trading Pair,2018-09-19 04:47,,
0,503.html,Binance Adds MTL/USDT Trading Pair,2019-08-23 04:25,,
0,153.html,Binance Futures Will Launch AXS USDT-Margined Perpetual Contract With Up to 50x Leverage,2020-11-19 08:43,2020/11/20 7:00 AM,[]
0,446.html,Binance Will List Community Coin Vote Round 5 Winner DREP and Has Distributed Rewards,2020-01-16 12:06,,
0,016.html,Introducing Alien Worlds (TLM) on Binance Launchpool! Farm TLM By Staking BNB & BUSD Tokens,2021-04-06 10:00,2021-04-13 06:00 AM,[]
0,295.html,Binance Futures Will Launch DOT/USD Coin-Margined Perpetual Contract With Up to 50x Leverage,2020-08-24 11:13,2020/08/25 7:00 AM,['DOT/USD']
0,104.html,"Cross Margin Trading for ALGO, CRV Enabled on Binance",2020-12-29 07:15,,[]
0,554.html,Binance Will Add Additional Trading Pairs for BCHABC and BCHSV,2019-01-21 06:37,,
0,041.html,Binance Futures Will Launch USDT-Margined CHR Perpetual Contracts with Up to 25X Leverage,2021-03-12 04:51,2021-03-12 07:00 AM,[]
0,411.html,Binance Futures Increases Maximum Leverage on XTZ/USDT Contract to 75x,2020-03-16 09:04,,
0,738.html,Binance Lists FUN,2017-09-26 13:12,,
0,692.html,Binance Adds  DLT/BTC and DLT/ETH Trading Pairs,2017-11-10 11:00,,
0,368.html,Binance Futures Will Launch KNC/USDT Perpetual Contract With Up to 50x Leverage,2020-06-22 05:15,,
0,387.html,"Binance Enables Isolated Margin Trading for ADA, EOS, ETC, LINK and MATIC",2020-05-26 08:12,,
0,542.html,Binance Will Add TUSD Quote Pairs into the USDⓈ Trading Market/Tab,2019-03-12 10:11,,
0,112.html,"Introducing OG, Atlético de Madrid and AS Roma Fan Tokens on Binance Launchpool! Farm OG, ATM & ASR By Staking BNB, BUSD & CHZ Tokens",2020-12-23 11:00,2020/12/30 6:00 AM,[]
0,407.html,Binance Will Delist All FTX Leveraged Tokens,2020-03-28 14:59,,
0,057.html,AVAX and EGLD Enabled on Binance Cross Margin,2021-02-26 08:43,,[]
0,684.html,Binance Lists CDT,2017-11-16 11:51,,
0,391.html,"Binance Adds Additional Trading Pairs for ARDR, ERD and LEND",2020-05-15 04:50,,
0,145.html,Binance Will List Hegic (HEGIC) in the Innovation Zone,2020-11-25 07:30,2020/11/25 9:30 AM,"['HEGIC', 'HEGIC/ETH', 'HEGIC/BUSD']"
0,515.html,Binance Will List Dusk Network (DUSK),2019-07-22 09:20,,
0,450.html,Binance Futures Will Launch LTC/USDT Perpetual Contract With Up to 75x Leverage,2020-01-08 10:01,,
0,283.html,Binance Futures Will Launch YFI USDT-Margined Perpetual Contract With Up to 50x Leverage,2020-08-31 05:04,2020/08/31 7:00 AM,['YFI/USDT']
0,329.html,Notice of Removal of Trading Pairs - 2020/07/31,2020-07-30 14:07,,
0,581.html,Binance Lists Ardor (ARDR),2018-07-18 07:59,,
0,094.html,Binance Will List TrueFi (TRU) in the Innovation Zone,2021-01-19 05:00,2021/01/19 7:00 AM,"['TRU', 'TRU/BTC', 'TRU/BUSD', 'TRU/USDT']"
0,647.html,Binance Lists NAV Coin (NAV),2017-12-27 09:45,,
0,217.html,Binance Futures Will Launch REN USDT-Margined Perpetual Contract With Up to 50x Leverage,2020-10-12 06:00,2020/10/13 7:00 AM,['REN/USDT']
0,702.html,Binance Adds POWR/BNB Trading Pair,2017-11-07 05:03,,
0,352.html,Binance Will List ETHUP and ETHDOWN Binance Leveraged Tokens,2020-07-13 06:00,,
0,186.html,New BUSD Trading Pairs Enabled on Binance Isolated Margin,2020-10-28 09:30,,[]
0,539.html,Binance Adds IOST/BNB and IOST/USDT Trading Pairs,2019-03-21 11:48,,
0,493.html,Binance Adds Margin Trading for DASH and ZEC,2019-09-18 10:01,,
0,169.html,Binance Will List Axie Infinity's Small Love Potion (SLP) in the Innovation Zone,2020-11-10 07:00,2020/11/10 9:00 AM,"['SLP', 'SLP/ETH']"
0,240.html,Binance Launches New Innovation Zone and Lists SUN (SUN),2020-09-21 13:05,2020/09/21 2:00 PM,"['SUN', 'SUN/BTC', 'SUN/USDT']"
0,610.html,Notice to Postpone Listing of TrueUSD (TUSD),2018-05-17 05:17,,
0,305.html,Binance Futures Will Launch ETH/USD Coin-Margined Perpetual Contract With Up to 75x Leverage,2020-08-17 08:05,2020/08/18 7:00 AM,['ETH/USD']
0,190.html,Cross Margin Trading for FIL Enabled on Binance,2020-10-23 16:42,,[]
0,485.html,Notice of Removal of Trading Pairs,2019-09-30 04:45,,
0,606.html,Binance Will List Skycoin (SKY) on 2018/05/24,2018-05-23 11:56,,
0,256.html,"Binance Futures Will Launch EGLD, SOL, ICX and BTT USDT-Margined Perpetual Contracts With Up to 50x Leverage",2020-09-14 06:42,,[]
0,743.html,Binance Will List ZRX Market,2017-09-11 08:54,,
0,313.html,Binance Lists Serum (SRM),2020-08-11 14:00,2020/08/11 1:30 PM,"['SRM', 'SRM/BNB', 'SRM/BTC', 'SRM/BUSD', 'SRM/USDT']"
0,597.html,Binance To Open Trading For QuarkChain (QKC) and Risk Warning,2018-06-04 19:56,,
0,082.html,Binance Futures: New Listings This Week,2021-02-01 07:04,,[]
0,578.html,Binance Lists Dock (DOCK),2018-07-30 05:07,,
0,128.html,Binance Will List Aavegotchi (GHST) in the Innovation Zone,2020-12-08 03:40,2020/12/08 5:30 AM,"['GHST', 'GHST/ETH', 'GHST/BUSD']"
0,201.html,Binance Will List YFIUP & YFIDOWN Binance Leveraged Tokens,2020-10-20 05:00,2020/10/21 7:00 AM,[]
0,651.html,Binance Distributes and Lists Bread (BRD),2017-12-24 05:10,,
0,344.html,Binance Futures Will Launch SXP/USDT Perpetual Contract With Up to 50x Leverage,2020-07-21 06:14,,
0,714.html,Binance Lists LRC,2017-10-30 04:43,,
0,200.html,Isolated Margin Trading for AAVE & DATA Enabled on Binance,2020-10-20 07:13,,[]
0,650.html,Binance Adds MCO/BNB Trading Pair,2017-12-25 06:22,,
0,345.html,"DCR/BUSD, DGB/USDT, GBP/USDT, STORJ/BUSD and SXP/USDT Trading Pairs Added on Binance",2020-07-20 11:13,,
0,715.html,Binance Lists REQ,2017-10-27 04:09,,
0,596.html,Binance Lists SingularityNET (AGI),2018-06-05 09:14,,
0,083.html,Margin Trading for SNX & REEF Enabled on Binance,2021-01-28 12:04,,[]
0,579.html,Binance Will List Holo (HOT) on 2018/07/24,2018-07-23 09:54,,
0,129.html,Binance Futures Will Launch SKL USDT-Margined Perpetual Contracts with up to 50X Leverage,2020-12-07 08:27,2020/12/08 7:00 AM,[]
0,607.html,Binance To Open Trading For ZenCash (ZEN),2018-05-23 08:47,,
0,257.html,Binance Futures Will Increase Maximum Leverage on BNB Contracts to 75x,2020-09-14 05:10,2020/09/14 6:00 AM,[]
0,742.html,Binance will List STRAT Market,2017-09-12 08:06,,
0,312.html,Binance Futures Will Launch MKR USDT-Margined Perpetual Contract With Up to 50x Leverage,2020-08-12 08:13,2020/08/13 7:00 AM,['MKR/USDT']
0,191.html,Binance Will List EasyFi (EASY) in the Innovation Zone,2020-10-23 08:08,2020/10/23 9:00 AM,"['EASY', 'EASY/ETH']"
0,484.html,Binance Will List Community Coin Vote Winner NKN and Has Distributed Rewards,2019-10-11 12:07,,
0,241.html,Binance Options Will List LINK Contract,2020-09-21 09:39,2020/09/22 7:00 AM,[]
0,611.html,Binance Will List TrueUSD (TUSD) on 2018/05/18,2018-05-16 09:33,,
0,304.html,Binance Lists Numeraire (NMR),2020-08-17 11:04,2020/08/19 12:00 PM,"['NMR', 'NMR/BTC', 'NMR/BNB', 'NMR/BUSD', 'NMR/USDT']"
0,187.html,Binance Will Delist MCO (MCO) on 2020/11/02,2020-10-27 13:58,2020/11/02 08:00 AM,['MCO/ETH']
0,538.html,Binance Lists Celer Token (CELR) and Completes Distribution of CELR,2019-03-23 08:15,,
0,492.html,Binance Adds BUSD/USDT Trading Pair,2019-09-20 04:42,,
0,168.html,"CVC, DNT, ALPHA & INJ Enabled on Binance Isolated Margin",2020-11-10 08:00,,[]
0,646.html,Binance Lists Lunyr (LUN),2017-12-28 07:53,,
0,216.html,Cross Margin Trading for YFI Enabled on Binance,2020-10-12 11:00,,[]
0,703.html,Binance Adds YOYO/BNB Trading Pair,2017-11-06 10:39,,
0,353.html,Binance Lists Synthetix (SNX) ,2020-07-09 10:55,,
0,580.html,Binance Supports NULS Mainnet Swap and Adds NULS/USDT Trading Pair ,2018-07-23 04:19,,
0,095.html,Binance Futures Will Launch USDT-Margined AKRO Perpetual Contracts with Up to 20X Leverage,2021-01-19 03:42,2021/01/19 07:00 AM,[]
0,282.html,Binance Lists Wrapped BTC (WBTC),2020-08-31 06:11,2020/08/31 8:00 AM,"['WBTC', 'WBTC/BTC', 'WBTC/ETH']"
0,328.html,Binance Adds Multiple Australian Dollar (AUD) Trading Pairs,2020-07-31 06:26,,
0,144.html,Binance Will List AAVEUP & AAVEDOWN Binance Leveraged Tokens,2020-11-25 08:30,2020/11/26 7:00 AM,[]
0,514.html,Binance Will List Binance GBP Stable Coin (BGBP),2019-07-22 13:39,,
0,001.html,Margin Trading for SOL & PUNDIX Enabled on Binance,2021-04-21 12:45,,[]
0,451.html,Binance Futures Will Launch EOS/USDT Perpetual Contract With Up to 75x Leverage,2020-01-07 14:33,,
0,685.html,Binance Lists GVT,2017-11-16 10:34,,
0,390.html,Notice of Removal of Trading Pairs - 2020/05/22,2020-05-21 10:44,,
0,543.html,Binance Adds BAT/USDT Trading Pair,2019-03-04 07:49,,
0,113.html,"Introducing Reef Finance (REEF) on Binance Launchpool! Farm REEF By Staking BNB, BUSD & DOT Tokens",2020-12-22 11:00,2020/12/29 6:00 AM,[]
0,406.html,Binance Lists Binance KRW Stable Coin (BKRW),2020-03-31 02:57,,
0,056.html,"BTCST, CKB, GAS and XVS Enabled on Binance Isolated Margin",2021-03-01 07:19,,[]
0,739.html,Binance Lists KNC,2017-09-25 05:36,,
0,693.html,Binance Adds  WTC/BNB Trading Pair,2017-11-10 10:40,,
0,369.html,Binance Will List Everipedia (IQ) ,2020-06-18 09:00,,
0,386.html,Binance Futures Will Launch THETA/USDT Perpetual Contract With Up to 50x Leverage,2020-05-26 13:56,,
0,105.html,Binance Launches Vanilla Options Trading Platform,2020-12-28 14:00,,[]
0,555.html,"Binance Will Add WAVES/USDT, WAVES/TUSD, WAVES/PAX and WAVES/USDC Trading Pairs",2019-01-17 03:54,,
0,040.html,Binance Futures: New Listings This Week (2021-03-15),2021-03-15 06:05,,[]
0,410.html,Notice of Removal of Trading Pairs - 2020/03/20,2020-03-19 10:59,,
0,294.html,Binance Lists Reserve Rights (RSR),2020-08-25 06:00,2020/08/27 7:00 AM,"['RSR', 'RSR/BTC', 'RSR/BNB', 'RSR/BUSD', 'RSR/USDT']"
0,502.html,Binance Lists Second BEP2 Community Listing Project - TomoChain (TOMO),2019-08-23 15:41,,
0,152.html,Binance Adds AVAX/TRY & BUSD/BRL Trading Pairs,2020-11-20 04:00,2020/11/20 10:00 AM,"['AVAX/TRY', 'BUSD/BRL']"
0,447.html,Binance Futures Will Launch LINK/USDT Perpetual Contract With Up to 75x Leverage,2020-01-16 11:05,,
0,017.html,Cross Margin Trading for BTT & KSM Enabled on Binance,2021-04-06 09:01,,[]
0,060.html,Binance Will List Phala Network (PHA) in the Innovation Zone,2021-02-25 06:30,2021-02-25 9:00 AM,"['PHA', 'PHA/BTC', 'PHA/BUSD']"
0,430.html,Notice of Removal of Trading Pairs - 2020/02/07,2020-02-06 09:26,,
0,125.html,"Binance Adds LINK/BRL, LINK/NGN, LTC/RUB, TRX/TRY & XLM/EUR Trading Pairs",2020-12-11 04:00,2020/12/11 10:00 AM,"['LINK/BRL', 'LINK/NGN', 'LTC/RUB', 'TRX/TRY', 'XLM/EUR']"
0,575.html,Binance Will List GoChain (GO) on 2018/09/12,2018-09-11 10:02,,
0,719.html,Binance Lists DASH,2017-10-20 04:56,,
0,349.html,"Binance Will List ADAUP, ADADOWN, LINKUP and LINKDOWN Binance Leveraged Tokens",2020-07-15 09:54,,
0,467.html,Binance Adds XLM/BUSD and ADA/BUSD Trading Pairs,2019-11-20 04:36,,
0,037.html,Binance Futures Will Launch USDT-Margined ONE Perpetual Contracts with Up to 25X Leverage,2021-03-17 08:19,2021-03-18 07:00 AM,[]
0,522.html,"Binance Adds BCPT/PAX, BCPT/TUSD and BCPT/USDC Trading Pairs",2019-06-18 13:07,,
0,488.html,Binance Adds Margin Trading for MATIC,2019-09-24 09:11,,
0,172.html,Binance Lists renBTC (RENBTC),2020-11-09 11:00,2020/11/09 1:00 PM,"['RENBTC', 'RENBTC/BTC', 'RENBTC/ETH']"
0,021.html,Binance Futures Will Launch USDT-Margined OGN Perpetual Contracts with Up to 25X Leverage,2021-04-01 06:46,2021-04-01 07:00 AM,[]
0,471.html,Binance Adds IOTX/USDT and RLC/USDT Trading Pairs,2019-11-13 11:02,,
0,164.html,"Introducing Unifi Protocol DAO (UNFI) on Binance Launchpool! Farm UNFI By Staking BNB, BUSD & ETH Tokens",2020-11-13 09:00,2020/11/19 6:00 AM,[]
0,534.html,Binance Adds THETA/USDT Trading Pair,2019-04-09 08:37,,
0,308.html,Binance Will Open Trading for Curve (CRV),2020-08-14 07:28,2020/08/15 4:00 AM,"['CRV/BNB', 'CRV/BTC', 'CRV/BUSD', 'CRV/USDT']"
0,426.html,"Binance Lists FTX Leveraged Tokens: EOSBULL, EOSBEAR, XRPBULL & XRPBEAR",2020-02-12 05:02,,
0,076.html,Subscription for the SafePal (SFP) Token Sale on Binance Launchpad Is Now Open,2021-02-08 05:00,,[]
0,099.html,"Introducing Bitcoin Standard Hashrate Token (BTCST) on Binance Launchpool! Farm BTCST By Staking BNB, BUSD & BTC Tokens",2021-01-07 11:00,2021/01/13 6:00 AM,[]
0,563.html,Binance Will Add PAX Quote Pairs into the USDⓈ Trading Market/Tab,2018-11-27 01:59,,
0,133.html,Cross Margin Trading for YFII Enabled on Binance,2020-12-04 10:00,,[]
0,518.html,Binance Completes Elrond Lottery Draw and Will Open Trading For ERD,2019-07-02 10:00,,
0,148.html,"Binance Adds AVA/USDT, SYS/BUSD & XEM/USDT Trading Pairs",2020-11-24 11:26,2020/11/24 1:00 PM,"['AVA/USDT', 'SYS/BUSD', 'XEM/USDT']"
0,324.html,"Isolated Margin Trading for IOTX, CELR, CHR, DOCK, MKR and VTHO Enabled on Binance",2020-08-04 08:12,,[]
0,261.html,"Binance Will List EOSUP, EOSDOWN, TRXUP, TRXDOWN, XRPUP, XRPDOWN, DOTUP and DOTDOWN Binance Leveraged Tokens",2020-09-09 09:00,,[]
0,631.html,Binance Lists Nucleus Vision (NCASH),2018-02-26 09:45,,
0,723.html,Binance Lists ENG,2017-10-13 07:48,,
0,689.html,Binance Lists BAT,2017-11-13 11:11,,
0,373.html,Binance Futures Will Launch ALGO/USDT Perpetual Contract With Up to 50x Leverage,2020-06-15 10:07,,
0,666.html,Binance Lists XLM,2017-12-08 06:57,,
0,236.html,Binance Futures Will Launch FTM USDT-Margined Perpetual Contract With Up to 50x Leverage,2020-09-23 08:40,2020/09/24 7:00 AM,['FTM/USDT']
0,559.html,"Binance Adds ADA/TUSD, TRX/TUSD and NEO/TUSD Trading Pairs",2018-12-18 05:15,,
0,109.html,Binance Futures Will List Coin-Margined Quarterly 0625 Futures Contracts,2020-12-25 05:34,2020/12/25 08:00 AM,[]
0,365.html,Binance Will Delist StableUSD (USDS),2020-06-24 07:37,,
0,735.html,Binance Lists LINK,2017-09-28 10:06,,
0,220.html,Binance Completes the Alpha Finance Lab Lottery Draw and Will Open Trading For ALPHA,2020-10-09 10:00,2020/10/10 5:00 AM,[]
0,670.html,Binance Lists ADX,2017-11-29 04:03,,
0,298.html,Binance Futures Will Launch BNB/USD Coin-Margined Perpetual Contract With Up to 50x Leverage,2020-08-20 06:00,2020/08/21 7:00 AM,['BNB/USD']
0,332.html,"Multiple BUSD, USDT and BKRW Trading Pairs Added on Binance - 2020/07/30",2020-07-30 04:54,,
0,627.html,Binance Lists Storm (STORM),2018-03-12 06:44,,
0,277.html,Binance Completes Elrond (ERD) Mainnet & Token Swap to Elrond Gold (EGLD),2020-09-01 15:15,,[]
0,505.html,Binance Will List Cocos-BCX (COCOS),2019-08-20 13:22,,
0,155.html,Bitcoin Cash (BCH) Hard Fork Complete. Binance Completes Distribution and Lists Bitcoin Cash ABC (BCHA) in the Innovation Zone,2020-11-18 11:38,2020/11/18 11:00 AM,"['BCHA', 'BCHA', 'BCHA/BUSD']"
0,440.html,Binance Futures Will Launch XMR/USDT Perpetual Contract With Up to 75x Leverage,2020-02-02 09:12,,
0,010.html,"Binance Launches Zero-Commission, Tradable Stock Tokens",2021-04-12 13:00,2021-04-12 1:35 PM,['TSLA/BUSD']
0,339.html,"Isolated Margin Trading for ONG, ANKR, FTT and SXP Enabled on Binance",2020-07-23 08:00,,
0,293.html,"Isolated Margin Trading for CTSI, ARPA, WTC, KMD, JST and COTI Enabled on Binance",2020-08-25 07:46,,[]
0,102.html,Binance Futures Will Launch BTCBUSD Monthly and Bi-Monthly Delivery Contracts with Up to 125X Leverage,2021-01-05 06:56,2021/01/05 07:00 AM,[]
0,552.html,Binance Lists BitTorrent (BTT) and Completes Distribution for Successful Launchpad Participants and Additional Airdrop,2019-01-30 06:40,,
0,047.html,Binance Will List Marlin (POND) in the Innovation Zone,2021-03-09 06:00,2021-03-09 8:00 AM,"['POND', 'POND/BTC', 'POND/BUSD', 'POND/USDT']"
0,417.html,Binance Will List Community Coin Vote Round 6 Winner MBL and Has Distributed Rewards,2020-02-21 12:08,,
0,694.html,Binance Lists DLT,2017-11-10 08:55,,
0,381.html,Storm (STORM) Token Swap to STMX Will Be Supported on Binance,2020-06-03 02:32,,
0,544.html,Binance Lists Fetch.AI (FET) and Completes Distribution for Successful Launchpad Participants,2019-02-27 11:21,,
0,114.html,Binance Will List GRTUP & GRTDOWN Binance Leveraged Tokens,2020-12-21 05:16,2020/12/22 7:00 AM,[]
0,401.html,"Binance Loans Adds BCH, LTC and XRP as Collateral Options",2020-04-14 13:03,,
0,051.html,Cross Margin Trading for 1INCH Enabled on Binance,2021-03-04 07:13,,[]
0,682.html,Binance Adds  NEO/USDT and NEO/BNB Trading Pairs,2017-11-20 04:40,,
0,378.html,Binance Enables Isolated Margin Trading for ZIL and OMG,2020-06-09 08:31,,
0,728.html,Binance Lists SUB,2017-10-10 07:34,,
0,397.html,Binance Will List Hive (HIVE) ,2020-04-27 05:57,,
0,143.html,Binance Adds XRP/BRL & XRP/NGN Trading Pairs,2020-11-26 04:00,2020/11/26 10:00 AM,"['XRP/BRL', 'XRP/NGN']"
0,513.html,Binance Lists First BEP2 Community Listing Project - Ankr (ANKR),2019-07-23 13:44,,
0,006.html,"Binance Adds BTG/BUSD, BTG/USDT &  HOT/BUSD Trading Pairs",2021-04-16 04:57,2021-04-16 7:00 AM,"['BTG/BUSD', 'BTG/USDT', 'HOT/BUSD']"
0,456.html,Binance Futures Launches BCH/USDT Perpetual Contract With Up to 75x Leverage,2019-12-19 14:09,,
0,285.html,Elrond (ERD) Mainnet & Token Swap to Elrond Gold (EGLD) Will Be Supported on Binance,2020-08-28 10:46,,[]
0,587.html,Binance Lists Community Coin Round 7 Winner - Pundi X (NPXS),2018-06-20 05:41,,
0,138.html,Binance Will List SKALE Network (SKL),2020-11-30 10:00,2020/12/01 0:00 AM,"['SKL', 'SKL/BTC', 'SKL/BUSD', 'SKL/USDT']"
0,092.html,"Binance Futures Will Launch USDT-Margined CHZ, INJ Perpetual Contracts with Up to 20X Leverage",2021-01-21 03:36,,[]
0,568.html,Binance Will List Ravencoin (RVN) on 2018/10/12,2018-10-11 11:59,,
0,641.html,Binance Lists INS Ecosystem (INS),2018-01-15 07:31,,
0,211.html,Binance Will List SXPUP & SXPDOWN Binance Leveraged Tokens,2020-10-14 07:08,2020/10/15 7:00 AM,[]
0,704.html,Binance Adds BNB/USDT Trading Pair,2017-11-06 04:56,,
0,354.html,Binance Futures Will Launch DOGE/USDT Perpetual Contract With Up to 50x Leverage,2020-07-09 10:00,,
0,180.html,"Introducing Hard Protocol (HARD) on Binance Launchpool! Farm HARD By Staking BNB, BUSD & KAVA Tokens",2020-11-02 09:00,2020/11/06 6:00 AM,[]
0,495.html,Binance Completes Band Protocol Lottery Draw and Will Open Trading For BAND,2019-09-17 09:52,,
0,246.html,Binance Lists Uniswap (UNI),2020-09-17 03:45,2020/09/17 3:00 AM,"['UNI', 'UNI/BTC', 'UNI/BNB', 'UNI/BUSD', 'UNI/USDT']"
0,616.html,Binance Lists Golem (GNT),2018-04-27 08:35,,
0,303.html,Binance Futures Will Launch LINK/USD Coin-Margined Perpetual Contract With Up to 75x Leverage,2020-08-18 06:00,2020/08/19 7:00 AM,['LINK/USD']
0,196.html,Binance Will Launch a FIL/USD Coin-Margined Perpetual Contract With Up to 50x Leverage,2020-10-22 07:33,2020/10/23 7:00 AM,['FIL/USD']
0,483.html,Binance Adds Margin Trading for BUSD,2019-10-15 08:54,,
0,179.html,Binance Futures Will Launch BNBUSD and DOTUSD Quarterly 1225 & 0326 Coin-Margined Contracts With Up to 75x Leverage,2020-11-03 05:25,2020/11/04 7:00 AM,[]
0,529.html,"Binance Adds ATOM/USDC, ATOM/PAX and ATOM/TUSD Trading Pairs",2019-05-06 12:19,,
0,600.html,EOS Mainnet Swap Update,2018-06-01 08:11,,
0,250.html,Binance Futures Will Launch STORJ USDT-Margined Perpetual Contract With Up to 50x Leverage,2020-09-15 09:52,2020/09/16 7:00 AM,['STORJ/USDT']
0,745.html,Binance Will Add WTC(Walton) on August 27,2017-08-24 10:09,,
0,315.html,"Isolated Margin Trading for LSK, MANA and OGN Enabled on Binance",2020-08-11 07:52,,[]
0,591.html,Binance Supports TRX Mainnet Swap and Adds TRX/USDT Trading Pair ,2018-06-11 12:56,,
0,084.html,"Introducing Litentry (LIT) on Binance Launchpool! Farm LIT By Staking BNB, BUSD & DOT Tokens",2021-01-28 11:00,2021-02-04 6:00 AM,[]
0,207.html,"Binance Will List Filecoin (FIL) - Deposit FIL to Share a $100,000 Prize Pool",2020-10-15 13:13,2020/10/15 5:00 PM,['FIL']
0,657.html,Bread (BRD) Token Sale Events,2017-12-18 07:02,,
0,342.html,Binance Futures Will Launch LINKUSD Quarterly 0925 Futures Contract With Up to 75x Leverage,2020-07-21 09:19,,
0,712.html,Binance Lists HSR and TRX,2017-10-31 04:42,,
0,335.html,Binance Futures Will Launch KAVA/USDT Perpetual Contract With Up to 50x Leverage,2020-07-27 07:26,,
0,620.html,Binance Lists Groestlcoin (GRS),2018-04-04 11:03,,
0,270.html,Binance Futures Will Launch SRM and BZRX USDT-Margined Perpetual Contracts With Up to 50x Leverage,2020-09-04 09:01,,[]
0,159.html,Binance Will List The Force Protocol (FOR) in the Innovation Zone,2020-11-17 10:22,2020/11/17 12:30 PM,"['FOR', 'FOR/BTC', 'FOR/BUSD']"
0,509.html,Binance Will List Contentos (COS),2019-08-02 09:48,,
0,698.html,Binance Lists RCN,2017-11-08 06:07,,
0,362.html,Binance Lists Binance IDR Stable Coin (BIDR),2020-06-30 06:03,,
0,732.html,Binance Lists SALT,2017-09-30 05:48,,
0,227.html,Binance Futures Will Launch FLM USDT-Margined Perpetual Contract With Up to 50x Leverage,2020-09-29 05:00,2020/09/29 7:00 AM,['FLM/USDT']
0,677.html,Binance Lists LSK,2017-11-22 10:33,,
0,724.html,Binance Lists MTH,2017-10-13 05:45,,
0,374.html,"BUSD and USDT Trading Pairs Added For KNC, REP and LRC on Binance",2020-06-12 07:38,,
0,661.html,"Binance Adds LTC/BNB, LTC/ETH and LTC/USDT Trading Pairs",2017-12-13 04:25,,
0,231.html,Binance Adds SXP/BIDR & LINK/BKRW Trading Pairs,2020-09-25 08:01,2020/09/25 10:00 AM,"['SXP/BIDR', 'LINK/BKRW']"
0,118.html,Binance Futures Will Launch USDT-Margined GRT Perpetual Contracts with Up to 50X Leverage,2020-12-19 04:10,2020/12/19 07:00 AM,[]
0,548.html,Binance Will List Ontology Gas (ONG),2019-02-15 10:31,,
0,323.html,"Binance Will List BNBUP, BNBDOWN, XTZUP and XTZDOWN Binance Leveraged Tokens",2020-08-05 07:11,,[]
0,289.html,Binance Futures Launches DEFI Composite Index Perpetual Contract With Up to 50x Leverage,2020-08-26 15:33,2020/08/28 7:00 AM,['DEFI/USDT']
0,266.html,Binance Futures Will Launch TRXUSD and EOSUSD Coin-Margined Perpetual Contracts With Up to 75x Leverage,2020-09-07 03:07,,[]
0,636.html,Binance Lists Nano (NANO),2018-02-02 14:43,,
0,358.html,"BKRW/BUSD, BKRW/USDT, SC/USDT and ZEN/USDT Trading Pairs Added on Binance",2020-07-06 05:03,,
0,708.html,Binance Lists XRP,2017-11-02 08:54,,
0,421.html,Binance Adds Additional Trading Pairs for STRAT and AION,2020-02-19 07:05,,
0,071.html,"Introducing DODO (DODO) on Binance Launchpool! Farm DODO By Staking BNB, BETH & BUSD Tokens",2021-02-18 11:00,2021-02-19 10:00 AM,[]
0,564.html,"Binance Has Distributed Bitcoin Cash ABC (BCHABC), Bitcoin Cash SV (BCHSV) and Will Open Trading",2018-11-16 05:04,,
0,134.html,Binance Will List sUSD (SUSD) in the Innovation Zone,2020-12-04 09:00,2020/12/04 11:00 AM,"['SUSD', 'SUSD/BTC', 'SUSD/ETH', 'SUSD/USDT']"
0,026.html,Binance Futures: New Listings This Week (2021-03-29),2021-03-29 05:55,,[]
0,476.html,Notice of Removal of Trading Pairs - 2019/11/01,2019-10-31 12:13,,
0,499.html,Binance Adds Margin Trading for NEO & XMR,2019-08-29 11:17,,
0,163.html,Binance Will List PowerPool (CVP) in the Innovation Zone,2020-11-16 04:07,2020/11/16 6:00 AM,"['CVP', 'CVP/ETH', 'CVP/BUSD']"
0,533.html,Binance Adds ENJ/USDT Trading Pair,2019-04-17 12:27,,
0,319.html,Binance Lists yearn.finance (YFI),2020-08-10 11:28,2020/08/10 12:00 PM,"['YFI', 'YFI/BNB', 'YFI/BTC，YFI/BUSD', 'YFI/USDT']"
0,749.html,Binance Opens BNB/ETH Trading Market,2017-08-09 10:11,,
0,460.html,Binance Completes Troy Lottery Draw and Will Open Trading For TROY,2019-12-04 09:29,,
0,030.html,Binance Will List RAMP (RAMP) in the Innovation Zone,2021-03-22 06:56,2021-03-22 9:00 AM,"['RAMP', 'RAMP/BTC', 'RAMP/BUSD', 'RAMP/USDT']"
0,525.html,Binance Completes Harmony Lottery Draw and Will Open Trading For ONE,2019-05-28 10:14,,
0,175.html,AVA Enabled on Binance Isolated Margin,2020-11-05 06:48,,[]
0,067.html,"Binance Futures Will Launch USDT-Margined REEF, RVN and SFP Perpetual Contracts with Up to 25X Leverage",2021-02-22 04:02,,[]
0,437.html,"Binance Adds BUSD Margin Pairs for BCH, EOS, XRP and LTC",2020-02-03 12:11,,
0,122.html,"Introducing Juventus and Paris Saint-Germain Fan Tokens on Binance Launchpool! Farm JUV and PSG tokens By Staking BNB, BUSD & CHZ Tokens",2020-12-14 12:00,2020/12/21 6:00 AM,[]
0,088.html,Binance Will List Nervos Network (CKB),2021-01-26 08:00,2021-01-26 12:00 PM,"['CKB', 'CKB/BTC', 'CKB/BUSD', 'CKB/USDT']"
0,572.html,Binance Will List PAX/BNB Trading Pair,2018-09-27 15:47,,
0,066.html,"CAKE, DODO and GLM Enabled on Binance Isolated Margin",2021-02-22 08:43,,[]
0,436.html,Binance Futures Will Launch ZEC/USDT Perpetual Contract With Up to 50x Leverage,2020-02-04 08:12,,
0,123.html,Cross Margin Trading for THETA Enabled on Binance,2020-12-14 07:17,,[]
0,089.html,"Binance Adds USDC/BUSD, TUSD/BUSD & PAX/BUSD Trading Pairs with 0 Trading Fees ",2021-01-25 09:00,2021-02-24 23:59 AM,"['USDC/BUSD', 'TUSD/BUSD', 'PAX/BUSD']"
0,573.html,Binance Will List Paxos Standard Token (PAX) and Opens Deposits,2018-09-21 07:36,,
0,461.html,Notice of Removal of Trading Pairs - 2019/12/04,2019-12-03 10:25,,
0,031.html,Binance Futures: New Listings This Week (2021-03-22),2021-03-22 05:26,2021-03-26 08:00 AM,[]
0,524.html,Binance Will List Fantom (FTM),2019-06-10 11:45,,
0,174.html,Binance Will Delist POE & TNT on 2020/11/12,2020-11-05 14:27,,[]
0,318.html,Binance Futures Will Launch BTC/USD Coin-Ⓜ Perpetual Contract With Up to 125x Leverage,2020-08-10 12:29,2020/08/11 7:00 AM,['BTC/USD']
0,748.html,Binance Will Add USDT Market Soon(Updated),2017-08-13 08:37,,
0,027.html,Binance Will List SuperFarm (SUPER) in the Innovation Zone,2021-03-25 08:23,2021-03-25 10:00 AM,"['SUPER', 'SUPER/BTC', 'SUPER/BUSD', 'SUPER/USDT']"
0,477.html,Binance Adds Margin Trading for QTUM,2019-10-31 08:21,,
0,498.html,Binance Adds BTT/TRX and WIN/TRX Trading Pairs,2019-09-04 08:18,,
0,162.html,Cross Margin Trading for COMP Enabled on Binance,2020-11-16 05:00,,[]
0,532.html,Binance Adds MITH/USDT Trading Pairs,2019-04-19 03:31,,
0,420.html,Binance Futures Will Launch QTUM/USDT Perpetual Contract With Up to 50x Leverage,2020-02-19 10:31,,
0,070.html,"Binance Adds FRONT/BTC, EASY/BTC, CAKE/BTC, CAKE/USDT &  BAKE/BUSD Trading Pairs",2021-02-18 12:15,2021-02-19 06:00 AM,"['FRONT/BTC', 'EASY/BTC', 'CAKE/BTC', 'CAKE/USDT', 'BAKE/BUSD']"
0,565.html,Binance Lists Mithril (MITH),2018-11-15 09:03,,
0,135.html,Notice of Removal of Trading Pairs - 2020/12/04,2020-12-03 11:00,,[]
0,359.html,Notice of Removal of Trading Pairs - 2020/07/03,2020-07-02 11:41,,
0,709.html,Binance Lists YOYO,2017-11-02 04:28,,
0,322.html,Binance Lists Travala (AVA),2020-08-05 14:15,2020/08/05 3:00 PM,"['AVA', 'AVA/BNB', 'AVA/BTC', 'AVA/BUSD']"
0,288.html,Binance Lists Tellor (TRB),2020-08-27 06:00,2020/08/29 7:00 AM,"['TRB', 'TRB/BNB', 'TRB/BTC', 'TRB/BUSD', 'TRB/USDT']"
0,267.html,Isolated Margin Trading for YFII and SUSHI Enabled on Binance,2020-09-05 08:41,,[]
0,637.html,Binance Lists Steem (STEEM),2018-02-01 10:27,,
0,119.html,"Binance Supports Binance VND (BVND), a Vietnamese Dong Backed Stablecoin and Will List BUSD/BVND and USDT/BVND",2020-12-18 10:42,2020/12/21 10:00 AM,"['BVND', 'BUSD/BVND', 'USDT/BVND']"
0,549.html,"Binance Adds BTT/PAX, BTT/TUSD and BTT/USDC Trading Pairs",2019-02-14 04:18,,
0,725.html,Binance Lists ETC,2017-10-12 11:33,,
0,375.html,Notice of Removal of Trading Pairs - 2020/06/12,2020-06-11 15:14,,
0,660.html,Binance Lists Waves (WAVES),2017-12-15 01:24,,
0,230.html,Cross Margin Trading for UNI Enabled on Binance,2020-09-27 11:23,,[]
0,699.html,Binance Lists NULS,2017-11-08 04:11,,
0,363.html,Binance Futures Will Launch COMP/USDT Perpetual Contract With Up to 50x Leverage,2020-06-29 10:48,,
0,733.html,Binance Lists CTR,2017-09-29 11:57,,
0,226.html,Binance Will List UNIUP & UNIDOWN Binance Leveraged Tokens,2020-09-29 06:00,2020/09/30 7:00 AM,[]
0,676.html,Binance Lists TNT,2017-11-22 11:06,,
0,158.html,Binance Will List Frontier (FRONT) in the Innovation Zone,2020-11-18 06:00,2020/11/18 8:00 AM,"['FRONT', 'FRONT/ETH', 'FRONT/BUSD']"
0,508.html,Binance Will List BEP2 TrueUSD (TUSDB),2019-08-08 04:50,,
0,334.html,"Isolated Margin Trading for RLC, FTM, HIVE and DGB Enabled on Binance",2020-07-28 07:50,,
0,621.html,Binance Adds QLC/BNB Trading Pair,2018-04-02 08:14,,
0,271.html,Binance Adds FIO/USDT and RUNE/USDT Trading Pairs,2020-09-04 08:10,2020/09/04 6:50 AM,"['FIO/USDT', 'RUNE/USDT']"
0,206.html,Binance Futures Will Launch FIL USDT-Margined Perpetual Contract With Up to 50x Leverage,2020-10-16 04:00,2020/10/16 6:00 AM,['FIL/USDT']
0,656.html,Binance Distributes and Lists GIFTO (GTO),2017-12-18 09:06,,
0,343.html,"Isolated Margin Trading for ONE, SNX, TOMO, WAVES and WRX Enabled on Binance",2020-07-21 08:00,,
0,713.html,Binance Lists VIB,2017-10-30 08:52,,
0,590.html,Binance Adds ETC/BNB and ETC/USDT Trading Pairs,2018-06-12 03:56,,
0,085.html,Binance Futures Will Launch USDT-Margined LUNA Perpetual Contracts with Up to 20X Leverage,2021-01-28 07:29,2021-01-28 07:00 AM,[]
0,601.html,Binance Lists IoTeX (IOTX),2018-06-01 05:42,,
0,251.html,Binance Will List LTCUP and LTCDOWN Binance Leveraged Tokens,2020-09-15 08:15,2020/09/16 7:00 AM,[]
0,744.html,Binance Will List OMG Market,2017-09-09 13:03,,
0,314.html,Binance Futures Will Launch WAVES USDT-Margined Perpetual Contract With Up to 50x Leverage,2020-08-11 10:11,2020/08/12 7:00 AM,['WAVES/USDT']
0,197.html,Binance Lists Aergo (AERGO),2020-10-21 09:00,2020/10/21 10:00 AM,"['AERGO', 'AERGO/BTC', 'AERGO/BUSD']"
0,482.html,Binance Adds Multiple BUSD Trading Pairs,2019-10-21 04:52,,
0,178.html,Binance Will List Keep3rV1 (KP3R) in the Innovation Zone,2020-11-03 10:12,2020/11/03 12:00 PM,"['KP3R', 'KP3R/BNB', 'KP3R/BUSD']"
0,528.html,Binance Will Add Additional Trading Pairs for ETC and BAT,2019-05-07 12:02,,
0,247.html,Binance Lists Cream Finance (CREAM),2020-09-16 12:38,2020/09/16 13:00 PM,"['CREAM', 'CREAM/BNB', 'CREAM/BUSD']"
0,617.html,Binance Lists CloakCoin (CLOAK),2018-04-18 08:19,,
0,302.html,"Isolated Margin Trading for GXS, CHZ, IRIS and SOL Enabled on Binance",2020-08-18 07:45,,[]
0,181.html,Binance Futures Will Launch OCEAN USDT-Margined Perpetual Contract With Up to 50x Leverage,2020-11-02 05:18,2020/11/03 7:00 AM,['OCEAN/USDT']
0,494.html,Binance Opens New BUSD Fiat Gateway and Will List BUSD,2019-09-17 12:43,,
0,640.html,Binance Lists PIVX (PIVX),2018-01-23 04:10,,
0,210.html,Binance Futures Will Launch NEAR USDT-Margined Perpetual Contract With Up to 50x Leverage,2020-10-14 08:38,2020/10/15 7:00 AM,['NEAR/USDT']
0,705.html,Binance Lists STORJ,2017-11-03 09:48,,
0,355.html,"Isolated Margin Trading for COMP, NULS, LRC and LEND Enabled on Binance",2020-07-09 08:00,,
0,586.html,Binance Supports VEN Mainnet Swap and Adds VEN/USDT Trading Pair ,2018-06-22 09:05,,
0,139.html,"Margin Trading for ARDR, HARD, LTO & ZIL Enabled on Binance",2020-11-30 09:25,,[]
0,093.html,Binance Futures Launches DOTECO (Polkadot Ecosystem) Composite Index Perpetual Contract with Up to 20x Leverage,2021-01-20 03:59,2021/01/20 7:00 AM,[]
0,569.html,Binance Will List PAX/ETH Trading Pair,2018-10-07 11:06,,
0,284.html,Binance Lists bZx Protocol (BZRX),2020-08-29 06:00,2020/08/31 7:00 AM,"['BZRX', 'BZRX/BNB', 'BZRX/BTC', 'BZRX/BUSD', 'BZRX/USDT']"
0,142.html,Binance Will List Prometeus (PROM) in the Innovation Zone,2020-11-26 05:00,2020/11/26 7:00 AM,"['PROM', 'PROM/BNB', 'PROM/BUSD']"
0,512.html,Binance Adds Margin Trading for ONT & ADA,2019-07-26 08:03,,
0,007.html,Binance Will Open Trading for Coinbase Stock Token (COIN),2021-04-15 16:35,2021-04-15 3:00 PM,"['COIN', 'COIN/BUSD']"
0,457.html,Notice of Removal of Trading Pairs - 2019/12/20,2019-12-19 10:31,,
0,683.html,Binance Lists GXS,2017-11-17 03:58,,
0,379.html,Binance Will List Community Coin Vote Round 9 Winner MDT and Has Distributed Rewards,2020-06-05 11:48,,
0,729.html,Binance Lists MTL,2017-10-09 08:25,,
0,396.html,Notice of Removal of Trading Pairs - 2020/04/30,2020-04-29 13:26,,
0,545.html,Binance Adds ZRX/BNB and ZRX/USDT Trading Pairs,2019-02-27 10:22,,
0,115.html,"Binance Futures Will Launch Coin-Margined EGLDUSD 50X Perpetual Contracts and USDT-Margined BNT, UNFI 50X Perpetual Contracts",2020-12-21 03:09,,[]
0,400.html,Binance Will List Rupiah Token (IDRT) ,2020-04-16 08:09,,
0,050.html,"Binance Futures Will Increase the Maximum Leverage of LIT, UNFI, DODO, REEF, RVN, SFP USDT-Margined Perpetual Contracts to 50X",2021-03-05 07:38,2021-03-05 7:00 AM,[]
0,695.html,Binance Lists XMR,2017-11-10 07:08,,
0,380.html,Binance Enables Isolated Margin Trading for KAVA,2020-06-04 08:15,,
0,103.html,Binance Will List Celo (CELO),2021-01-05 04:36,2021/01/05 8:30 AM,"['CELO', 'CELO/BTC', 'CELO/USDT']"
0,553.html,Binance Will Add Additional Trading Pairs for LTC and TRX,2019-01-23 08:20,,
0,046.html,Binance Futures Will Launch USDT-Margined COTI Perpetual Contracts with Up to 25X Leverage,2021-03-09 08:48,2021-03-10 07:00 AM,[]
0,416.html,"Binance Adds BUSD Margin Pairs for ETC, TRX and ADA",2020-02-27 06:57,,
0,338.html,Binance Futures Will Launch ETHUSD Quarterly 0925 Futures Contract With Up to 75x Leverage,2020-07-23 09:10,,
0,292.html,Binance Futures Will Launch ADA/USD Coin-Margined Perpetual Contract With Up to 75x Leverage,2020-08-25 09:12,2020/08/26 7:00 AM,['ADA/USD']
0,504.html,Binance Adds Margin Trading for BCHABC & XLM,2019-08-22 10:58,,
0,154.html,"Binance Lists Oasis Network (ROSE), Deposits Are Now Open",2020-11-19 06:46,2020/11/19 8:00 AM,"['ROSE', 'ROSE/BTC', 'ROSE/BUSD', 'ROSE/USDT']"
0,441.html,Binance Futures Will Launch ADA/USDT Perpetual Contract With Up to 75x Leverage,2020-01-30 10:38,,
0,011.html,Binance Futures: New Listings This Week (2021-04-12),2021-04-12 06:21,,[]
